group	names	scores	logfoldchanges	pvals	pvals_adj
0	FTL	15.608511		6.3706079310074804e-55	4.247071954004987e-52
0	AC060814.3	0.7889114		0.43016378932132004	0.9994893163590445
0	GNAT3	0.20889129	-2.9494665	0.8345331065220287	0.9994893163590445
0	AC083967.1	0.1957457	-1.733316	0.8448092094801677	0.9994893163590445
0	LINC02024	0.06192983	-0.9130537	0.9506187128209889	0.9994893163590445
0	AC090971.2	0.05984216	-0.57315457	0.9522813443723381	0.9994893163590445
0	AC009093.2	0.05984216	-0.6565048	0.9522813443723381	0.9994893163590445
0	AC116914.2	0.05438674	-0.49035424	0.9566270455605914	0.9994893163590445
0	AP001605.1	0.051018976	-0.58087176	0.9593103989128018	0.9994893163590445
0	AC106801.1	0.044923503	-0.8904524	0.9641682826036934	0.9994893163590445
1	ETS1	37.925674		0.0	0.0
1	ADAMTS9	24.907185		6.21933229348435e-137	6.219332293484351e-134
1	PRDM1	15.453023		7.198709065604781e-54	4.799139377069854e-51
1	CSF3	12.5334835		4.896403158119833e-36	1.9585612632479332e-33
1	MMP3	8.704046		3.2025630332879443e-18	1.0675210110959815e-15
1	ADAMTS4	7.3324547		2.2597453605687724e-13	5.674681839588709e-11
1	MT1A	7.331856		2.2698727358354839e-13	5.674681839588709e-11
1	GNG11	7.1140046		1.1272350148870737e-12	2.5049666997490527e-10
1	ANGPT2	7.0164466		2.275815122795711e-12	4.551630245591422e-10
1	MMP1	6.72785		1.7218806228065342e-11	3.130692041466426e-09
2	CREM	67.95937		0.0	0.0
2	ETS1	1.5916103		0.11147228816710515	0.9999705882937594
2	MMP3	0.94852155		0.34286399932222	0.9999705882937594
2	CSF3	0.79288405		0.42784536467538536	0.9999705882937594
2	MMP1	0.777126		0.437084435865397	0.9999705882937594
2	FAM237B	0.7347488		0.46249252207336844	0.9999705882937594
2	EPGN	0.7030719		0.4820109325363602	0.9999705882937594
2	MT1A	0.5982994		0.5496401696663352	0.9999705882937594
2	PSG9	0.5256631		0.5991223055119415	0.9999705882937594
2	IL24	0.5090572		0.6107121348273898	0.9999705882937594
3	AC004540.1	0.80701196		0.4196595825613194	0.9997375691010791
3	ZBTB20-AS2	0.61926484		0.5357419099920562	0.9997375691010791
3	AC008703.1	0.45643198		0.6480793696903	0.9997375691010791
3	CNTN2	0.45351014		0.6501814370098224	0.9997375691010791
3	FAM19A2	0.33104223		0.7406125870616436	0.9997375691010791
3	AC060814.3	0.32831007		0.7426772300768321	0.9997375691010791
3	AC083967.1	0.20344293		0.8387888420782675	0.9997375691010791
3	IL24	0.17278989		0.8628165848784525	0.9997375691010791
3	AC023055.1	0.09685544	-1.4462821	0.9228411952005998	0.9997375691010791
3	GNAT3	0.07385607	-1.0554588	0.9411249114560579	0.9997375691010791
4	APOE	29.086287		5.352346769499318e-186	1.0704693538998636e-182
4	MEG3	22.03579		1.3074781624915047e-107	1.3074781624915047e-104
4	SPARCL1	21.38487		1.847996788774954e-101	1.2319978591833026e-98
4	MMP3	14.421812		3.7730286011665586e-47	1.8865143005832792e-44
4	AEBP1	12.131397		7.201040400657235e-34	2.880416160262894e-31
4	POSTN	11.37995		5.262990427479144e-30	1.754330142493048e-27
4	MT1A	9.534374		1.5079200013485235e-21	4.3083428609957814e-19
4	WIF1	9.391715		5.903085355552004e-21	1.475771338888001e-18
4	PLPP3	7.0584626		1.6835490385037357e-12	3.7412200855638574e-10
4	ETS1	6.2938175		3.0975174209954925e-10	6.195034841990985e-08
5	CD83	32.040276		2.999090660461862e-225	5.998181320923724e-222
5	RNASE1	11.623489		3.1308316493170293e-31	3.130831649317029e-28
5	FTL	10.54004		5.647469843456197e-26	3.764979895637464e-23
5	FGFBP2	9.136711		6.438033657557749e-20	3.2190168287788744e-17
5	HRCT1	7.9391255		2.0361124689279264e-15	8.144449875711705e-13
5	APOE	5.5659213		2.607710764108422e-08	8.692369213694739e-06
5	KRTDAP	5.2069674		1.9195186673192515e-07	5.484339049483576e-05
5	COL2A1	3.8140671		0.0001366982847873618	0.034174571196840454
5	LIMD2	3.5753305		0.0003497856301727354	0.07773014003838566
5	SPRR2A	2.4317415		0.015026432304595974	0.9997579514365272
6	TCN1	26.115343		2.4410236574581912e-150	4.8820473149163824e-147
6	OPRPN	23.189875		5.761020289705379e-119	5.761020289705379e-116
6	ETS1	13.458841		2.731665614932171e-41	1.8211104099547805e-38
6	RGCC	11.262985		1.9987191936817277e-29	9.993595968408638e-27
6	CSN3	10.513855		7.458157678783002e-26	2.983263071513201e-23
6	LALBA	9.868936		5.676401323809996e-23	1.892133774603332e-20
6	ADAMTS9	7.8513927		4.1144287758102946e-15	1.1755510788029412e-12
6	CSN1S1	7.693773		1.428585163232485e-14	3.5714629080812128e-12
6	APOE	7.6604285		1.8531381274308105e-14	4.118084727624023e-12
6	AKR1C1	7.436405		1.0346219665119316e-13	2.0692439330238632e-11
7	IGLC2	27.469133		4.1054253608460674e-166	8.210850721692134e-163
7	IGHA1	18.256044		1.8523298722840566e-74	1.8523298722840566e-71
7	IGLC3	13.314589		1.904185790937734e-40	1.2694571939584894e-37
7	IGHM	9.821633		9.085897258531625e-23	4.542948629265812e-20
7	CCL3L1	6.96237		3.3459604833360066e-12	1.1153201611120022e-09
7	FTL	5.9949274		2.0357655710409053e-09	5.816473060116872e-07
7	MNX1	5.2578673		1.4573543033651793e-07	3.2385651185892876e-05
7	TDO2	3.158004		0.001588534004433973	0.24438984683599588
7	COL1A1	3.0311818		0.0024359852534452577	0.32479803379270106
7	CCL4L2	1.916756		0.055268934636872664	0.9998898323513162
8	PLPP3	49.93243		0.0	0.0
8	CCL22	10.381625		3.0061476458463507e-25	2.0040984305642338e-22
8	CREM	4.548427		5.404838072932811e-06	0.0022727590553889123
8	MMP3	3.4782887		0.0005046263090666356	0.14417894544761015
8	FAM237B	1.5840622		0.11317955707787788	0.9998735242645989
8	SERPING1	1.4950225		0.13490854691083523	0.9998735242645989
8	AKR1C1	0.7486481		0.45406934387986486	0.9998735242645989
8	PSG9	0.7364876		0.4614339860205914	0.9998735242645989
8	LMOD3	0.4486358		0.6536944140273168	0.9998735242645989
8	KLRC2	0.44589362		0.6556740963761876	0.9998735242645989
9	VCAN	35.4502		2.880350044115831e-275	5.7607000882316616e-272
9	FBLN1	28.95619		2.3453546434672916e-184	2.3453546434672915e-181
9	APOE	17.543383		6.682869751100695e-69	4.455246500733796e-66
9	FGFBP2	12.965863		1.9106671361862703e-38	9.553335680931351e-36
9	FTL	12.006222		3.2956097847145115e-33	1.3182439138858046e-30
9	BCL11B	9.04487		1.4984276038800543e-19	4.994758679600181e-17
9	BIN2	6.719645		1.8216799269406654e-11	5.2047997912590435e-09
9	LIMD2	5.8085985		6.299792317695093e-09	1.5749480794237733e-06
9	CREM	4.754305		1.9913035051119576e-06	0.0004425118900248795
9	OLFML2B	4.3845553		1.1622287619273763e-05	0.002324457523854753
10	FN1	23.152506		1.3716675825353732e-118	2.7433351650707463e-115
10	COL1A1	19.21227		2.922042380939072e-82	2.922042380939072e-79
10	FTL	6.4666824		1.0017800723275896e-10	5.008900361637948e-08
10	THBS2	5.213029		1.8578197745807432e-07	7.431279098322972e-05
10	COL5A2	4.758411		1.9512306673048315e-06	0.000557494476372809
10	TUBA3E	3.3758342		0.0007359226382961734	0.1338041160538497
10	LINC01644	3.122956		0.0017904452218492092	0.2984075369748682
10	AEBP1	2.7367494		0.006204952272856207	0.7299943850419066
10	CXCL12	2.5279872		0.011471854669128045	0.999937861799113
10	HTRA1	2.477467		0.013231863863138122	0.999937861799113
11	RGCC	52.208595		0.0	0.0
11	ETS1	5.083532		3.704801624058015e-07	0.0003704801624058015
11	CREM	4.536619		5.716321031556341e-06	0.0038108806877042273
11	PLPP3	3.1869297		0.0014379166489138903	0.5751666595655561
11	KCTD12	2.8864927		0.003895616986474332	0.9997622588818237
11	SPARCL1	2.518664		0.011780105468014694	0.9997622588818237
11	MT1A	2.239402		0.025129766660712424	0.9997622588818237
11	MMP3	2.0056806		0.04489033640104289	0.9997622588818237
11	AKR1C1	1.3595568		0.1739702352651452	0.9997622588818237
11	PRDM1	1.319177		0.1871099410824557	0.9997622588818237
12	LIMD2	24.219395		1.3899852874245959e-129	2.7799705748491916e-126
12	LTB	20.757307		1.053056660317727e-95	1.053056660317727e-92
12	ACAP1	11.28304		1.5914872659961922e-29	1.060991510664128e-26
12	FYN	4.2810745		1.859930322011234e-05	0.009299651610056171
12	LCK	3.152403		0.001619324841093353	0.6477299364373412
12	HCLS1	3.0550117		0.002250516779224319	0.7501722597414396
12	TNFRSF1B	2.8562484		0.004286794848636507	0.9999960412582514
12	SAMSN1	2.853697		0.004321372341975723	0.9999960412582514
12	IGHM	2.8315213		0.004632713598506259	0.9999960412582514
12	RCSD1	2.7519853		0.0059235179247792685	0.9999960412582514
13	CTSS	52.904057		0.0	0.0
13	ETS1	5.583759		2.3537487709121055e-08	2.3537487709121056e-05
13	C1R	3.0733829		0.002116467204323111	0.9999569803203453
13	ADAMTS9	2.3821898		0.01721002271616271	0.9999569803203453
13	PRDM1	2.2575684		0.023972577693271005	0.9999569803203453
13	TNFRSF1B	2.2390862		0.025150311808964123	0.9999569803203453
13	RGCC	1.6721734		0.09449013375034436	0.9999569803203453
13	AKR1C1	1.4748591		0.14025042291701284	0.9999569803203453
13	LTB	1.4339046		0.1515994780007428	0.9999569803203453
13	C1S	1.215767		0.22407367681418688	0.9999569803203453
14	VSTM2A	22.649323		1.416725602590592e-113	2.833451205181184e-110
14	CST9	21.378078		2.1374986164508927e-101	2.1374986164508925e-98
14	DIO1	11.717362		1.0385556425923157e-31	6.923704283948772e-29
14	FTL	6.2283673		4.713206762584126e-10	2.356603381292063e-07
14	CYP4F8	4.971247		6.652354812716531e-07	0.00022174516042388435
14	CCDC78	3.1618888		0.0015674935631715642	0.34833190292701427
14	AC008663.1	3.1029673		0.0019159078787759237	0.38318157575518474
14	HLA-DQB1	3.0664876		0.0021658989440494648	0.3937998080089936
14	AC005920.1	2.7201774		0.006524688763340887	0.9320983947629838
14	CST4	2.602065		0.009266425797181494	0.9998523793099904
15	UGT2B11	31.374395		4.523209656566679e-216	9.046419313133357e-213
15	TSPAN8	15.93738		3.4866812646326824e-57	3.4866812646326826e-54
15	TCAP	9.272201		1.823448616344817e-20	1.2156324108965447e-17
15	UGT2B28	8.524946		1.5288101294346186e-17	7.644050647173092e-15
15	SPRY1	6.6911345		2.214473792996425e-11	8.8578951719857e-09
15	CST4	6.5250216		6.799178533846011e-11	2.266392844615337e-08
15	IGLC2	4.8745637		1.0904929346145105e-06	0.00031156940988986016
15	ZNF350-AS1	4.817546		1.4533460139540702e-06	0.00036333650348851755
15	IGHM	4.671382		2.991799332168382e-06	0.0006648442960374183
15	DCD	4.611166		4.00417068118999e-06	0.0008008341362379979
16	SLC26A3	18.362225		2.635857320929681e-75	5.271714641859363e-72
16	GLRA3	16.877197		6.62143193813573e-64	6.62143193813573e-61
16	DIO1	8.045059		8.620401986155178e-16	5.746934657436785e-13
16	LINC01970	7.580397		3.444988501944918e-14	1.722494250972459e-11
16	FTL	5.2759633		1.320604456734738e-07	5.2824178269389526e-05
16	EGR4	4.9338956		8.060554037177373e-07	0.0002686851345725791
16	COL1A1	4.170736		3.036178200021428e-05	0.00759044550005357
16	AL022322.2	2.7901783		0.005267901355946254	0.9997918660199379
16	FN1	2.3730352		0.01764257742480867	0.9997918660199379
16	TUBA3E	2.3374205		0.01941732807875579	0.9997918660199379
17	C1R	33.661224		2.1364269232673823e-248	4.272853846534765e-245
17	C1S	29.909353		1.4871962726810934e-196	1.4871962726810932e-193
17	APOE	11.129165		9.04797560971187e-29	6.031983739807913e-26
17	SPARCL1	8.491145		2.046113961626412e-17	1.023056980813206e-14
17	SERPING1	5.5765653		2.453137099085278e-08	9.812548396341111e-06
17	HLA-DQB1	4.5160375		6.300755207202958e-06	0.0021002517357343194
17	AEBP1	4.3333526		1.4685552693443542e-05	0.004195872198126726
17	MMP3	4.0469627		5.1886475026420296e-05	0.012971618756605074
17	KCTD12	2.9360342		0.0033243755992781996	0.7387501331729333
17	RGCC	2.7959898		0.005174102233580047	0.9998490303036212
18	TAT-AS1	20.52094		1.39976212956314e-93	2.79952425912628e-90
18	DCD	19.839682		1.3531358321746864e-87	1.3531358321746863e-84
18	TRIM55	14.84955		7.003718291931012e-50	4.6691455279540075e-47
18	CAMP	8.333339		7.859396461629905e-17	3.9296982308149524e-14
18	CCL3L1	6.8615656		6.810990760860316e-12	2.660376415185911e-09
18	CARTPT	6.8388863		7.981129245557733e-12	2.660376415185911e-09
18	TRGC1	6.62067		3.5757485960410364e-11	1.0216424560117247e-08
18	SLC16A10	4.412281		1.0228725347702625e-05	0.0020457450695405247
18	AC243829.1	3.1406622		0.00168566383627263	0.280943972712105
18	CREM	2.8772955		0.0040109967052061	0.6170764161855539
19	C5orf49	27.926886		1.2585177397237673e-171	2.5170354794475345e-168
19	FAM183A	11.224198		3.1018511875568076e-29	3.1018511875568075e-26
19	FTL	8.769064		1.801570413147092e-18	1.2010469420980614e-15
19	FOXJ1	5.939527		2.8584538891266403e-09	1.42922694456332e-06
19	C1orf194	5.699764		1.1997363633024106e-08	4.798945453209642e-06
19	C9orf24	4.383306		1.1689163786412824e-05	0.0038963879288042747
19	BAALC	2.8443313		0.004450473559429906	0.9998940774382353
19	IGHA1	2.485243		0.012946299494807892	0.9998940774382353
19	CFAP126	2.2251444		0.0260715500384264	0.9998940774382353
19	TMEM190	2.2131195		0.02688941085455007	0.9998940774382353
20	HLA-DQB1	31.131483		9.03384084992889e-213	1.806768169985778e-209
20	HLA-DRB5	21.375431		2.2622413116778717e-101	2.2622413116778718e-98
20	HLA-DQA1	14.526246		8.262626916772558e-48	5.508417944515039e-45
20	IGLC2	3.7231724		0.00019673505645020981	0.08637013907003714
20	HLA-DQA2	3.6996167		0.00021592534767509287	0.08637013907003714
20	IGHA1	3.1720536		0.0015136511539934362	0.3784127884983591
20	IGLC3	2.8870382		0.0038888710379158006	0.8641935639812891
20	IQGAP3	2.5116832		0.012015689286517552	0.9999578204591228
20	IGHM	2.4602315		0.013884744809250884	0.9999578204591228
20	CXCL11	1.6693137		0.09505523710666923	0.9999578204591228
21	SYP	29.406261		4.567166390419988e-190	9.134332780839975e-187
21	CYP2A7	16.86202		8.561250237493901e-64	8.561250237493902e-61
21	CYP2A6	13.0259285		8.713502253031939e-39	5.809001502021292e-36
21	FTL	3.9171364		8.960705041659875e-05	0.044803525208299375
21	IGLC2	2.8443048		0.004450844007056442	0.9998733303972032
21	GRIA2	2.1651998		0.0303723839793498	0.9998733303972032
21	ASCL1	1.767739		0.0771045346584146	0.9998733303972032
21	CCL3L1	1.4632063		0.14341095155916916	0.9998733303972032
21	CTSS	1.257289		0.20864900230641514	0.9998733303972032
21	IGHA1	1.1563693		0.2475301008569678	0.9998733303972032
22	GSTA1	41.12631		0.0	0.0
22	ETS1	9.244726		2.3584404207124975e-20	2.3584404207124974e-17
22	RGCC	8.8502035		8.736003115531266e-19	5.824002077020844e-16
22	ADAMTS9	7.402718		1.334247733416372e-13	6.67123866708186e-11
22	IGFL1	6.6951566		2.1544086180718986e-11	8.617634472287594e-09
22	C1R	6.249134		4.1273402090017594e-10	1.375780069667253e-07
22	TNFRSF1B	5.8577356		4.692203606745666e-09	1.340629601927333e-06
22	SPARCL1	5.378956		7.491913850025616e-08	1.664869744450137e-05
22	APOE	4.4378815		9.084864463077884e-06	0.0018169728926155768
22	C1S	4.0054317		6.190427692698421e-05	0.011255323077633494
23	MT1A	20.805758		3.838506410672227e-96	7.677012821344454e-93
23	AKR1C1	16.233004		2.946773451925674e-59	2.946773451925674e-56
23	CRISPLD2	10.581223		3.6417402045379305e-26	2.427826803025287e-23
23	C11orf96	6.4130144		1.4266999615224105e-10	7.133499807612052e-08
23	MMP3	3.6007602		0.0003172880971224952	0.12691523884899808
23	MEG3	1.8923804		0.05844031511125139	0.9996797106593235
23	RGS5	0.90365547		0.3661781092607994	0.9996797106593235
23	ADAMTS4	0.7543134		0.45066103656561474	0.9996797106593235
23	ODAM	0.6943807		0.4874435091945202	0.9996797106593235
23	PTGS2	0.59577656		0.551324512655713	0.9996797106593235
24	MUC5B	31.835964		2.0589687546749605e-222	4.117937509349921e-219
24	MUC16	19.188906		4.581887904409599e-82	4.581887904409599e-79
24	MUC2	5.9441137		2.7795635377948166e-09	1.8530423585298778e-06
24	FBLN1	4.8424425		1.2825268214312982e-06	0.0006412634107156491
24	IGHE	4.656915		3.2098224697835667e-06	0.0012653245184952794
24	IGLC2	4.6222515		3.7959735554858387e-06	0.0012653245184952794
24	FN1	3.5273566		0.0004197310663002334	0.1023830416868006
24	IGLC3	3.5201912		0.00043123567556900924	0.1023830416868006
24	CALY	3.50261		0.00046072368759060263	0.1023830416868006
24	SPRY1	3.430724		0.0006019727091207956	0.12039454182415912
25	FGL1	26.128426		1.733559091931554e-150	3.467118183863108e-147
25	ALB	26.089685		4.7737426098668466e-150	4.7737426098668463e-147
25	PLPP3	6.2155204		5.115475510426043e-10	2.5577377552130214e-07
25	CREM	4.1859326		2.83997338415963e-05	0.01135989353663852
25	SERPING1	3.7120697		0.0002055713950573065	0.058734684302087566
25	MT1A	2.3548508		0.018530146092198888	0.9999965385950531
25	CCL22	2.257754		0.023961000977442574	0.9999965385950531
25	TSPAN8	1.4775599		0.13952561874725566	0.9999965385950531
25	TAT-AS1	1.1568463		0.2473351723191688	0.9999965385950531
25	MMP1	1.1030247		0.2700164066513515	0.9999965385950531
26	BPIFB1	41.25866		0.0	0.0
26	LINC00052	10.968782		5.399459186900888e-28	5.399459186900888e-25
26	TRH	9.906438		3.9031537218838475e-23	2.6021024812558984e-20
26	CADM2	7.8706064		3.5292610023839687e-15	1.7646305011919842e-12
26	FGF4	3.9338799		8.358556599999444e-05	0.023881590285712698
26	TPH1	3.8570037		0.00011478541524180602	0.028696353810451505
26	CORO6	3.6837206		0.00022985416807785213	0.051078704017300476
26	CAMP	3.0168402		0.0025542441721072423	0.5108488344214485
26	NPPC	2.233363		0.025525015432313534	0.9999976834676578
26	MUC5B	2.209637		0.02713037272041639	0.9999976834676578
27	AC008663.1	31.648771		7.884377681990232e-220	1.5768755363980463e-216
27	TRH	14.739895		3.57342482658692e-49	3.57342482658692e-46
27	GAGE2A	7.607904		2.7857708823925126e-14	1.857180588261675e-11
27	GAGE12E	5.181262		2.2038991954103086e-07	8.815596781641234e-05
27	FTL	3.3551264		0.000793287564518914	0.22665358986254686
27	GAGE12H	2.6446261		0.008178122501996657	0.9998099702806041
27	LINC02043	2.5517147		0.010719425341870644	0.9998099702806041
27	EIF1AY	1.5600461		0.11874900340194182	0.9998099702806041
27	GAGE12D	1.4839612		0.13781921586098883	0.9998099702806041
27	NPPC	1.2453895		0.21298860360854477	0.9998099702806041
28	SPRY1	46.06394		0.0	0.0
28	FTL	4.4377975		9.088398693656264e-06	0.009088398693656264
28	APOE	3.8214447		0.00013267212641010956	0.08844808427340638
28	MEG3	2.5585496		0.010510983366284369	0.9999647703818071
28	SPARCL1	2.0688076		0.038564141932979405	0.9999647703818071
28	AEBP1	1.4091192		0.15879990278950806	0.9999647703818071
28	POSTN	1.4037031		0.16040728600498555	0.9999647703818071
28	MT1A	1.0898256		0.27578995764863756	0.9999647703818071
28	SERPING1	1.0515281		0.29301609987198285	0.9999647703818071
28	PLPP3	0.936562		0.3489839134007692	0.9999647703818071
29	HOXB-AS3	30.24124		6.802240887785415e-201	1.360448177557083e-197
29	CASP14	22.676622		7.622004953141682e-114	7.622004953141683e-111
29	FTL	12.355903		4.526491186238352e-35	3.017660790825568e-32
29	ZNF350-AS1	7.2154164		5.376921861569786e-13	2.688460930784893e-10
29	ADAMTS4	5.630555		1.796306462314476e-08	7.185225849257903e-06
29	HOXD1	4.6277633		3.696362135261527e-06	0.0012321207117538425
29	JAKMIP1	4.234558		2.2900168935087457e-05	0.006542905410024988
29	FN1	3.8028762		0.0001430257700543717	0.035756442513592925
29	IGLC3	3.4991367		0.00046676715059303363	0.08486675465327885
29	ACAP1	3.411426		0.0006462400770250654	0.10770667950417757
30	APOC1	40.22067		0.0	0.0
30	APOE	11.652895		2.2179358916839117e-31	2.2179358916839117e-28
30	FTL	4.4505157		8.566437966662139e-06	0.005710958644441426
30	RNASE1	3.0896816		0.002003712306709692	0.9996988716908128
30	LYZ	2.4074447		0.016064594007670602	0.9996988716908128
30	C1QC	2.2871335		0.022188036295174022	0.9996988716908128
30	SPARCL1	1.9057947		0.05667684095180325	0.9996988716908128
30	HLA-DQA1	1.895679		0.058002508654862416	0.9996988716908128
30	MEF2C	1.8453074		0.06499284635802768	0.9996988716908128
30	KCTD12	1.7038085		0.08841685700549909	0.9996988716908128
31	PSG4	44.07486		0.0	0.0
31	ETS1	11.65223		2.2353200701561815e-31	2.2353200701561815e-28
31	MEG3	6.320974		2.5992030858968105e-10	1.7328020572645403e-07
31	MMP3	6.1206517		9.319336489426204e-10	4.659668244713102e-07
31	RGCC	4.58574		4.523807367508993e-06	0.001809522947003597
31	ADAMTS9	4.2667975		1.9829900513014674e-05	0.006609966837671558
31	MT1A	4.0494967		5.1327930179469316e-05	0.014665122908419804
31	SPARCL1	3.6235616		0.0002905739611527061	0.07264349028817653
31	APOE	2.8064768		0.005008650251965867	0.9998850561519986
31	PRDM1	2.6345227		0.00842556977728149	0.9998850561519986
32	CNTD1	44.01349		0.0	0.0
32	FTL	4.677671		2.9015178446046147e-06	0.0029015178446046147
32	CST9	1.8096353		0.07035235716310001	0.999780095000878
32	BPIFB1	1.5785122		0.11444799435924288	0.999780095000878
32	ASCL1	1.507478		0.13168818830573015	0.999780095000878
32	GRIA2	1.2770742		0.2015760554798156	0.999780095000878
32	SERPINA6	1.1993614		0.23038741077207536	0.999780095000878
32	AC005920.1	1.0342057		0.3010400179016328	0.999780095000878
32	CAMP	0.8643287		0.38740735889314404	0.999780095000878
32	TRH	0.8068959		0.419726457176106	0.999780095000878
33	HRCT1	29.241745		5.718063092491065e-188	1.143612618498213e-184
33	COL2A1	20.312475		9.974706702976102e-92	9.974706702976102e-89
33	PCP4	18.527449		1.2402832000222442e-76	8.268554666814961e-74
33	FTL	16.243757		2.473030747259989e-59	1.2365153736299946e-56
33	APOE	13.245756		4.774480813532372e-40	1.9097923254129486e-37
33	ACTA1	10.329298		5.193952813582442e-25	1.7313176045274806e-22
33	SERPING1	9.807002		1.0504275599925645e-22	3.001221599978756e-20
33	LIMD2	6.139814		8.261817897164936e-10	2.065454474291234e-07
33	RGCC	6.0320787		1.6186397042771394e-09	3.596977120615866e-07
33	CREM	5.8783073		4.144828463139599e-09	8.289656926279199e-07
34	CCDC78	36.436066		1.1436044445078314e-290	2.2872088890156626e-287
34	CYSRT1	8.043353		8.741318571946453e-16	8.741318571946453e-13
34	HLA-DRB5	6.369251		1.8995385100183136e-10	1.2663590066788757e-07
34	CYP4F8	3.0238535		0.0024957722220707813	0.8319240740235937
34	HLA-DQB1	2.831969		0.004626232194543518	0.9997262540520253
34	FN1	2.6830378		0.007295673442257079	0.9997262540520253
34	HOXB-AS3	1.976921		0.048050561094983964	0.9997262540520253
34	HLA-DQA1	1.9175249		0.055171268945143556	0.9997262540520253
34	ACAP1	1.1224746		0.2616607369789359	0.9997262540520253
34	FTL	1.1173042		0.26386426556232623	0.9997262540520253
35	PYDC1	41.69657		0.0	0.0
35	COL1A1	5.583963		2.350988398496751e-08	2.350988398496751e-05
35	FN1	4.962229		6.96887961170124e-07	0.000464591974113416
35	IGLC2	4.490861		7.093579803253104e-06	0.003546789901626552
35	HLA-DRB5	4.0713983		4.673180543310069e-05	0.018692722173240275
35	HLA-DQB1	3.9160314		9.001856717624212e-05	0.030006189058747374
35	HLA-DQA1	2.9227283		0.003469790676931307	0.8674476692328267
35	FBLN1	2.5354545		0.011230153079989237	0.9992272573004148
35	DCD	1.9093803		0.056213044301745146	0.9992272573004148
35	IGHM	1.8875597		0.05908508667017748	0.9992272573004148
36	FTL	13.087867		3.863032936356664e-39	7.726065872713329e-36
36	DCD	0.52631897		0.5986666219078209	0.9998095082390452
36	EIF1AY	0.35371998		0.723548750000393	0.9998095082390452
36	HTN1	0.27962083		0.7797684269231889	0.9998095082390452
36	MTTP	0.12266069		0.9023757941951771	0.9998095082390452
36	CLRN1-AS1	0.12266069		0.9023757941951771	0.9998095082390452
36	AL138731.1	0.11980827		0.9046350298068951	0.9998095082390452
36	AC099518.1	0.107447796		0.9144337411860121	0.9998095082390452
36	AC023794.3	0.10459537		0.9166968855131705	0.9998095082390452
36	CARNS1	0.095090665		0.924242810888504	0.9998095082390452
37	GRIA2	27.548952		4.5550671548075925e-167	9.110134309615185e-164
37	ASCL1	19.136595		1.2519143330402808e-81	1.2519143330402807e-78
37	FTL	10.444593		1.5511928908216467e-25	1.0341285938810978e-22
37	HAMP	7.991262		1.3356447598448538e-15	6.678223799224269e-13
37	CST9	2.8291047		0.004667842222568033	0.9998886250982321
37	APOC1	1.3594092		0.17401694293487335	0.9998886250982321
37	SERPINA6	1.3184079		0.1873671373895579	0.9998886250982321
37	CADM2	1.15683		0.24734182833174023	0.9998886250982321
37	ART4	0.9983996		0.3180856257509993	0.9998886250982321
37	MYT1	0.8771149		0.38042424273036046	0.9998886250982321
38	AC100801.1	37.49431		1.140414454306375e-307	2.28082890861275e-304
38	SERPING1	2.8672676		0.004140327663452079	0.9999231263063209
38	FBLN1	2.5616238		0.010418412051074362	0.9999231263063209
38	RGS5	2.5590417		0.010496116725810207	0.9999231263063209
38	DIRAS3	2.4057713		0.016138365737918315	0.9999231263063209
38	SPRY1	2.0360708		0.04174325244044734	0.9999231263063209
38	TSPAN8	1.7515461		0.07985188439280105	0.9999231263063209
38	FN1	1.5594287		0.11889495395475232	0.9999231263063209
38	COL1A1	1.2331508	2.4089622	0.21751950123848107	0.9999231263063209
38	CAMP	1.1796485		0.23814003899505853	0.9999231263063209
39	SERPING1	32.97634		1.773936612600376e-238	3.547873225200752e-235
39	DIRAS3	2.5517962		0.010716918241720622	0.9998576301188279
39	ARHGAP36	1.6798847		0.09297975103599489	0.9998576301188279
39	FN1	0.72427684		0.46889578622408024	0.9998576301188279
39	C4A	0.7230867		0.46962662336924954	0.9998576301188279
39	AC004540.1	0.34286663		0.7316987888963897	0.9998576301188279
39	LINC02043	0.30472633		0.7605745914832607	0.9998576301188279
39	SYCE1	0.29034454		0.7715526688854573	0.9998576301188279
39	CCL4L2	0.27109686		0.7863165498083586	0.9998576301188279
39	VSIR	0.26160592		0.7936252729509296	0.9998576301188279
40	LINC00052	10.29153		7.694408910146133e-25	1.5388817820292265e-21
40	CADM2	8.731484		2.5135122336589196e-18	2.5135122336589196e-15
40	CORO6	5.3094606		1.0995001771625639e-07	7.330001181083759e-05
40	TPH1	5.0015116		5.688254600963827e-07	0.00028441273004819133
40	TRH	2.3120518		0.020774836400648953	0.9998413774016722
40	SYCE1	2.0066066		0.044791567526062115	0.9998413774016722
40	GAGE2A	1.487952		0.1367635634632018	0.9998413774016722
40	FTL	0.8334339		0.40460004423853047	0.9998413774016722
40	GAGE12E	0.7833659		0.4334122612429673	0.9998413774016722
40	PCSK1	0.7574717		0.44876730896701833	0.9998413774016722
41	NPPC	20.586843		3.6008018588000504e-94	7.201603717600101e-91
41	SERPINA6	15.973654		1.9502007841276687e-57	1.9502007841276686e-54
41	FTL	1.5978091		0.11008548586622702	0.9999617387268941
41	TRH	1.2399443		0.2149959787887542	0.9999617387268941
41	LINC00052	0.93801826		0.3482350220254319	0.9999617387268941
41	GAGE2A	0.9080781		0.3638369670608338	0.9999617387268941
41	LINC01644	0.8143503		0.41544430176667446	0.9999617387268941
41	TPH1	0.7399861		0.459308432258119	0.9999617387268941
41	CADM2	0.7038714		0.48151284289063967	0.9999617387268941
41	LAG3	0.4599325		0.6455646602474973	0.9999617387268941
42	ORM1	21.380798		2.0164818997851826e-101	4.032963799570365e-98
42	ORM2	10.207303		1.8390589636521405e-24	1.8390589636521404e-21
42	FTL	4.1829004		2.878136171584352e-05	0.019187574477229012
42	CYSRT1	2.7123642		0.006680513725577795	0.9993877313885551
42	FN1	2.576766		0.009972940848227781	0.9993877313885551
42	CASP14	2.182481		0.029074040708479753	0.9993877313885551
42	HLA-DQB1	2.0113091		0.044292815623162576	0.9993877313885551
42	IGHM	1.8486505		0.06450829598620823	0.9993877313885551
42	TDO2	1.691835		0.09067743504032985	0.9993877313885551
42	PLPP3	1.6028206		0.10897425007968241	0.9993877313885551
43	CAMP	1.1367705		0.2556342652397102	0.9996065136692265
43	SYT10	0.8088433		0.4186052723753364	0.9996065136692265
43	CYP4F8	0.7893282		0.4299202090804183	0.9996065136692265
43	GAGE12E	0.7590147		0.4478437345759727	0.9996065136692265
43	KIF5A	0.6225722		0.5335656886595992	0.9996065136692265
43	COL2A1	0.5529467		0.5802999179426598	0.9996065136692265
43	IQGAP3	0.44010225		0.659863050120926	0.9996065136692265
43	C2orf50	0.38965562		0.6967912152600897	0.9996065136692265
43	GABRA1	0.2687861		0.7880942904029888	0.9996065136692265
43	TNR	0.26385447		0.7918920525869662	0.9996065136692265
44	FTL	7.605122		2.846355817556305e-14	5.692711635112609e-11
44	HAMP	0.81489474		0.4151325654189253	0.9996484661259055
44	KLHL10	0.43308175		0.664955386527325	0.9996484661259055
44	FAM183A	0.4222212		0.6728635637363702	0.9996484661259055
44	BAALC	0.32375282		0.746125167397163	0.9996484661259055
44	ABI3	0.27768153		0.7812568418641003	0.9996484661259055
44	CARMIL2	0.27274916		0.7850460470915879	0.9996484661259055
44	TRPV2	0.27027044		0.786952212166536	0.9996484661259055
44	M1AP	0.2665595		0.7898083350418003	0.9996484661259055
44	MSR1	0.26153043		0.7936834921539004	0.9996484661259055
45	FTL	9.985588		1.7625299314827633e-23	3.5250598629655264e-20
45	TRIM55	1.5635358		0.11792662389431775	0.9997148668162066
45	GLRA3	0.8053339		0.42062702508473326	0.9997148668162066
45	UGT2B28	0.5056797		0.6130815223538287	0.9997148668162066
45	JAKMIP2	0.3777487		0.7056172799545972	0.9997148668162066
45	KRT24	0.37274566		0.7093377586297032	0.9997148668162066
45	TSPAN8	0.36613667		0.7142630979924713	0.9997148668162066
45	AL138760.1	0.35166132		0.7250922705261844	0.9997148668162066
45	TBX10	0.33742863		0.735793805325282	0.9997148668162066
45	RASAL3	0.32235768		0.7471817389861273	0.9997148668162066
46	SPDYE3	9.902616		4.055274974402423e-23	8.110549948804845e-20
46	EMCN	0.58757585		0.5568170267939598	0.9998181039826771
46	AL359962.2	0.29888624		0.7650268574285655	0.9998181039826771
46	CA4	0.2984303		0.7653747814044487	0.9998181039826771
46	AC018553.2	0.29273096		0.7697278044579867	0.9998181039826771
46	P2RX5-TAX1BP3	0.29090717		0.7711223131358971	0.9998181039826771
46	NTS	0.290693		0.7712861108952203	0.9998181039826771
46	MS4A4A	0.28444794		0.7760671209717774	0.9998181039826771
46	S1PR4	0.28265178		0.7774437717839167	0.9998181039826771
46	CALCA	0.2791493		0.7801302478767607	0.9998181039826771
47	AP001046.1	-0.00017295507	0.07065218	0.999862001822126	0.999862001822126
47	Z98884.1	-0.00017295507	0.07065218	0.999862001822126	0.999862001822126
47	IGLV2-18	-0.00017295507	0.07065218	0.999862001822126	0.999862001822126
47	IGHV3-20	-0.00017295507	0.07065218	0.999862001822126	0.999862001822126
47	CHRNA6	-0.00017295507	0.07065218	0.999862001822126	0.999862001822126
47	AC012150.2	-0.00017295507	0.07065218	0.999862001822126	0.999862001822126
47	SIGLEC5	-0.00017295507	0.07065218	0.999862001822126	0.999862001822126
47	TRAV27	-0.00017295507	0.07065218	0.999862001822126	0.999862001822126
47	AC104260.1	-0.00017295507	0.07065218	0.999862001822126	0.999862001822126
47	TRAV12-3	-0.00017295507	0.07065218	0.999862001822126	0.999862001822126
48	AC008663.1	6.8863835		5.722856912506738e-12	1.1445713825013475e-08
48	FTL	1.3530537		0.17603846059513029	0.9998733685392207
48	HIST3H2BB	0.8102293		0.4178084079919945	0.9998733685392207
48	PAGE1	0.43213484		0.6656434063002782	0.9998733685392207
48	KDM5D	0.43150002		0.6661048417567353	0.9998733685392207
48	MAGEA1	0.42864326		0.6681828635599152	0.9998733685392207
48	GAGE13	0.4280084		0.6686449924455344	0.9998733685392207
48	AC005920.3	0.42658004		0.6696852413745129	0.9998733685392207
48	AC087241.3	0.42134264		0.6735048987472012	0.9998733685392207
48	EIF1AY	0.4188033		0.6753598966428491	0.9998733685392207
49	HDC	0.43134132		0.6662202203797516	0.9998733685392207
49	TRDC	0.4191802		0.6750844204053034	0.9998733685392207
49	TRAV25	-0.000158709	0.0706472	0.9998733685392207	0.9998733685392207
49	AC007349.3	-0.000158709	0.0706472	0.9998733685392207	0.9998733685392207
49	AC005392.2	-0.000158709	0.0706472	0.9998733685392207	0.9998733685392207
49	AL157402.2	-0.000158709	0.0706472	0.9998733685392207	0.9998733685392207
49	IGKV2-24	-0.000158709	0.0706472	0.9998733685392207	0.9998733685392207
49	AL157402.1	-0.000158709	0.0706472	0.9998733685392207	0.9998733685392207
49	AC012150.2	-0.000158709	0.0706472	0.9998733685392207	0.9998733685392207
49	TRAV12-3	-0.000158709	0.0706472	0.9998733685392207	0.9998733685392207
50	CX3CR1	0.51860833		0.6040338859594011	0.9998950087531084
50	FOLR2	0.51519907		0.6064139336923481	0.9998950087531084
50	AL121845.1	0.50997144		0.6100714597199108	0.9998950087531084
50	AC009275.1	0.50958866		0.6103396722688503	0.9998950087531084
50	SPNS3	0.5092298		0.6105911690560109	0.9998950087531084
50	AC117503.1	0.5035476		0.6145793111458484	0.9998950087531084
50	BHLHE40-AS1	0.4972434		0.619017418034293	0.9998950087531084
50	COL5A2	0.4441301		0.6569485266470623	0.9998950087531084
50	TTC24	-0.00013158702	0.07063891	0.9998950087531084	0.9998950087531084
50	AC012150.2	-0.00013158702	0.07063891	0.9998950087531084	0.9998950087531084
51	AC004801.6	0.54313695		0.5870355267205571	0.9998998959205253
51	AP001046.1	-0.00012546185	0.07063725	0.9998998959205253	0.9998998959205253
51	IGHV3-20	-0.00012546185	0.07063725	0.9998998959205253	0.9998998959205253
51	Z98884.1	-0.00012546185	0.07063725	0.9998998959205253	0.9998998959205253
51	TTC24	-0.00012546185	0.07063725	0.9998998959205253	0.9998998959205253
51	AC104260.1	-0.00012546185	0.07063725	0.9998998959205253	0.9998998959205253
51	CHRNA6	-0.00012546185	0.07063725	0.9998998959205253	0.9998998959205253
51	TRAV12-3	-0.00012546185	0.07063725	0.9998998959205253	0.9998998959205253
51	TRAV27	-0.00012546185	0.07063725	0.9998998959205253	0.9998998959205253
51	TRAV17	-0.00012546185	0.07063725	0.9998998959205253	0.9998998959205253
52	LILRB5	0.57235134		0.5670839744665402	0.9999050340194915
52	MFAP4	0.5665325		0.5710318618789785	0.9999050340194915
52	AL359834.1	0.5629883		0.5734428781811145	0.9999050340194915
52	LUZP2	0.5598011		0.5756151065115644	0.9999050340194915
52	CHRNA6	-0.0001190222	0.070635594	0.9999050340194915	0.9999050340194915
52	Z98884.1	-0.0001190222	0.070635594	0.9999050340194915	0.9999050340194915
52	TRAV17	-0.0001190222	0.070635594	0.9999050340194915	0.9999050340194915
52	SIGLEC5	-0.0001190222	0.070635594	0.9999050340194915	0.9999050340194915
52	AC069360.1	-0.0001190222	0.070635594	0.9999050340194915	0.9999050340194915
52	TRAV25	-0.0001190222	0.070635594	0.9999050340194915	0.9999050340194915
53	AP001046.1	-8.870985e-05	0.070628956	0.9999292197801272	0.9999292197801272
53	Z98884.1	-8.870985e-05	0.070628956	0.9999292197801272	0.9999292197801272
53	IGLV2-18	-8.870985e-05	0.070628956	0.9999292197801272	0.9999292197801272
53	IGHV3-20	-8.870985e-05	0.070628956	0.9999292197801272	0.9999292197801272
53	CHRNA6	-8.870985e-05	0.070628956	0.9999292197801272	0.9999292197801272
53	AC012150.2	-8.870985e-05	0.070628956	0.9999292197801272	0.9999292197801272
53	SIGLEC5	-8.870985e-05	0.070628956	0.9999292197801272	0.9999292197801272
53	TRAV27	-8.870985e-05	0.070628956	0.9999292197801272	0.9999292197801272
53	AC104260.1	-8.870985e-05	0.070628956	0.9999292197801272	0.9999292197801272
53	TRAV12-3	-8.870985e-05	0.070628956	0.9999292197801272	0.9999292197801272
