names	scores	logfoldchanges	pvals	pvals_adj
FTL	7.858689	-6.121153	3.881751329989546e-15	7.763502659979092e-12
DCD	3.056209		0.0022415479821851145	1.0
LINC00052	2.2168765		0.026631535182823487	1.0
TRIM55	1.790554		0.0733648849141157	1.0
HLA-DRB5	1.3401015	-2.9432137	0.18021235518931922	1.0
IGLC2	1.2186418	-1.1134585	0.22298020560902765	1.0
CCL3L1	1.1937027		0.23259428162206985	1.0
NPPC	0.9308657	5.148294	0.3519230486761925	1.0
TCAP	0.7673803		0.44285543130532357	1.0
CADM2	0.7041565		0.4813352980597101	1.0
HLA-DQB1	0.6702529	-0.32898697	0.5026965560397172	1.0
TAT-AS1	0.63277704	-5.489434	0.5268792661127295	1.0
TBX10	0.59685135		0.550606628723287	1.0
SLC16A10	0.58451664		0.55887276680036	1.0
KLRG1	0.54791695		0.5837489253264364	1.0
IGHM	0.53585184	-0.9304878	0.5920609344723886	1.0
FN1	0.51340675	-0.26700404	0.6076668261044614	1.0
CCDC78	0.51158684	-0.96774226	0.6089401738636763	1.0
UGT2B28	0.49942067		0.6174830551862325	1.0
SEMA3G	0.48705226		0.626221287558206	1.0
PECAM1	0.4750883		0.6347240483356129	1.0
RAB37	0.4748861		0.6348681761268254	1.0
IGLC3	0.46238285	-0.39776406	0.6438067839670991	1.0
FBLN1	0.4506211	-0.29899633	0.6522626663660089	1.0
HLA-DQA2	0.4263224	-1.6280888	0.669872941416412	1.0
AC243829.1	0.4263224		0.669872941416412	1.0
CARTPT	0.4263224		0.669872941416412	1.0
FAM13C	0.4263224		0.669872941416412	1.0
FAM19A2	0.4259517		0.6701430559773458	1.0
AL603756.1	0.4143247		0.678636323020843	1.0
HCLS1	0.4021922		0.6875425745151726	1.0
CPLANE2	0.40199		0.6876913841881573	1.0
IGF1	0.40199		0.6876913841881573	1.0
AC005899.8	0.40199		0.6876913841881573	1.0
AL022322.2	0.3896553	-2.602986	0.6967914551448777	1.0
TPH1	0.38921717		0.6971154949443646	1.0
CCDC152	0.37765762		0.7056849623909798	1.0
COL1A1	0.37728688	-0.17547016	0.705960410678105	1.0
HIST3H2BB	0.365424		0.7147949211254068	1.0
ZBTB20-AS2	0.3652555		0.7149206903441768	1.0
TSPAN8	0.35376334		0.7235162537189768	1.0
LINC00545	0.34105793		0.7330599819676984	1.0
PCK1	0.34105793		0.7330599819676984	1.0
AMELX	0.34105793		0.7330599819676984	1.0
PLXDC1	0.34105793		0.7330599819676984	1.0
C5orf49	0.32902652	-0.412503	0.7421356391257502	1.0
COL5A2	0.32895914	-2.4441082	0.7421865856393448	1.0
CXCL12	0.3285884	-1.1286985	0.7424668116508384	1.0
SPRY1	0.328521	-0.1213031	0.7425177655033821	1.0
LINC00243	0.328521		0.7425177655033821	1.0
LINC02361	0.3165233		0.7516053314012257	1.0
PTGS1	0.3043571		0.7608558334934448	1.0
AGAP2	0.3041549		0.7610098748159726	1.0
CREM	0.2968417	0.123013146	0.766587358476826	1.0
ODAM	0.29232574	-1.7068927	0.7700375896964426	1.0
AL137003.1	0.28022695		0.7793034038444463	1.0
APOE	0.2572763	0.05584661	0.7969654886015403	1.0
SPINK2	0.25579342		0.7981103418806451	1.0
LINC00939	0.25579342		0.7981103418806451	1.0
TNP1	0.25579342		0.7981103418806451	1.0
CAMP	0.25579342	-0.5491022	0.7981103418806451	1.0
ADAMTS14	0.25579342		0.7981103418806451	1.0
MYT1	0.25579342		0.7981103418806451	1.0
TTR	0.25579342		0.7981103418806451	1.0
KRT24	0.25579342		0.7981103418806451	1.0
CCL4L2	0.25579342	-1.7095225	0.7981103418806451	1.0
MNX1	0.25579342	-1.698818	0.7981103418806451	1.0
APELA	0.25579342		0.7981103418806451	1.0
CBY3	0.25579342		0.7981103418806451	1.0
AC104532.2	0.24396425		0.8072585044531607	1.0
IQGAP3	0.24366094	-1.016279	0.8074934255195955	1.0
PYY	0.24362724		0.8075195289324459	1.0
AL139383.1	0.23146105		0.8169566460008681	1.0
FAM183A	0.23139364	-0.70792216	0.8170090045463185	1.0
HLA-DQA1	0.23139364	-0.21046153	0.8170090045463185	1.0
LIMD2	0.2301804	-0.09531791	0.8179515977882357	1.0
HTRA1	0.21939595	-1.1237506	0.8263416231434815	1.0
FCGBP	0.21932855		0.826394124267009	1.0
GZMM	0.20739827		0.8356988395392128	1.0
LYZ	0.20692645	-0.37853396	0.8360673048196365	1.0
RASSF1-AS1	0.19465914	-0.61955446	0.845659799478683	1.0
LINC01970	0.18232444	-0.2728328	0.8553281203438349	1.0
GIMAP2	0.17066376	-3.036906	0.8644881572814536	1.0
BANK1	0.17052896		0.864594162687073	1.0
CST4	0.17052896	-1.5636941	0.864594162687073	1.0
AC011933.3	0.17052896		0.864594162687073	1.0
FGL2	0.17052896	-1.4387316	0.864594162687073	1.0
NRG3	0.17052896		0.864594162687073	1.0
AL139099.1	0.17052896		0.864594162687073	1.0
A2M-AS1	0.17052896		0.864594162687073	1.0
AC100803.3	0.17052896		0.864594162687073	1.0
ASPN	0.17052896	-2.1360362	0.864594162687073	1.0
BCL11B	0.17052896	-0.8226027	0.864594162687073	1.0
TDO2	0.17052896	-1.9987731	0.864594162687073	1.0
TMLHE-AS1	0.17052896		0.864594162687073	1.0
MCCD1	0.17052896	-3.7804515	0.864594162687073	1.0
LINC02077	0.17052896		0.864594162687073	1.0
TTC16	0.17052896		0.864594162687073	1.0
UGT2B11	0.17052896	-0.31715727	0.864594162687073	1.0
AC005759.1	0.17052896		0.864594162687073	1.0
LST1	0.17052896	-1.4426758	0.864594162687073	1.0
AL035701.1	0.17052896		0.864594162687073	1.0
IGLV2-23	0.17052896		0.864594162687073	1.0
TRGC1	0.17052896	-0.7023552	0.864594162687073	1.0
EGR4	0.17052896	-0.76726174	0.864594162687073	1.0
IGKV1-39	0.17052896		0.864594162687073	1.0
IGKV1-9	0.17052896		0.864594162687073	1.0
C16orf54	0.17052896		0.864594162687073	1.0
AC246785.3	0.17039415		0.8647001705295984	1.0
IGHA1	0.16998973	-0.042775612	0.8650182086599043	1.0
CYP4F8	0.15843016	-1.2750415	0.8741178462256801	1.0
CD6	0.15843016		0.8741178462256801	1.0
PTGDS	0.15843016		0.8741178462256801	1.0
RASAL3	0.15843016		0.8741178462256801	1.0
GSG1	0.15836276		0.8741709554032351	1.0
COLQ	0.15836276		0.8741709554032351	1.0
AC016738.1	0.15836276		0.8741709554032351	1.0
DPF3	0.15836276		0.8741709554032351	1.0
ITGB7	0.15836276		0.8741709554032351	1.0
EMCN	0.15836276		0.8741709554032351	1.0
TPSD1	0.15836276		0.8741709554032351	1.0
Z82206.1	0.15832905		0.8741975102046128	1.0
AC005520.2	0.15829536	-1.4222577	0.8742240651476849	1.0
PLAC1	0.14653358		0.8835001838480547	1.0
KCNAB2	0.14623027	-1.6792763	0.8837396131128534	1.0
BX284668.6	0.14619656	-0.6423926	0.8837662170204321	1.0
LINC00482	0.14619656		0.8837662170204321	1.0
AC104187.1	0.14619656		0.8837662170204321	1.0
NLRP12	0.14619656		0.8837662170204321	1.0
AC099518.1	0.14619656		0.8837662170204321	1.0
GABRD	0.14616287	-1.1498675	0.8837928210590892	1.0
FAM180A	0.14612916	-4.7766113	0.8838194252287951	1.0
PLIN4	0.14612916	-2.5821037	0.8838194252287951	1.0
AC004540.1	0.14606176	-1.5682737	0.8838726339612354	1.0
C1R	0.14592695	-0.051503975	0.8839790529974013	1.0
AC000068.1	0.13403037	-3.571895	0.8933785602844759	1.0
THBS4	0.13403037		0.8933785602844759	1.0
NOX5	0.13403037	-6.4877424	0.8933785602844759	1.0
AL138760.1	0.13403037		0.8933785602844759	1.0
CD226	0.13403037		0.8933785602844759	1.0
ORM1	0.13389556	-0.23740879	0.8934851586959878	1.0
SAMSN1	0.12203268	-1.7319723	0.9028731373928859	1.0
HIST1H3A	0.12186417		0.9030065904107755	1.0
POU3F1	0.12186417		0.9030065904107755	1.0
LY96	0.10983278	-0.4276067	0.912541992476461	1.0
LCK	0.109731674	-0.7700303	0.9126221772393005	1.0
AC079354.1	0.109697975		0.9126489056913094	1.0
RGS5	0.10956317	-0.3323255	0.9127558204871904	1.0
EPGN	0.10949577	-0.028183753	0.9128092784774183	1.0
LAG3	0.09773399	-1.1226807	0.9221435263916372	1.0
AL022323.3	0.097599186	-1.1996546	0.9222505738494873	1.0
PLIN1	0.09753178		0.9223040981066913	1.0
AC005837.1	0.09753178	-1.6779197	0.9223040981066913	1.0
AC121338.2	0.097430676	-1.6171896	0.9223843851521686	1.0
ADAMTS4	0.09712736	0.006302747	0.9226252510306463	1.0
CNTN2	0.09695885	-0.6978313	0.9227590684751549	1.0
SLIT1	0.08526448	-1.9862968	0.9320511303146067	1.0
PLAC9	0.08526448	-0.74915683	0.9320511303146067	1.0
AC090152.1	0.08526448	-0.9256169	0.9320511303146067	1.0
TOX	0.08526448	-1.2216877	0.9320511303146067	1.0
AL512625.2	0.08526448	-1.8841435	0.9320511303146067	1.0
JAKMIP1	0.08526448	-0.2859231	0.9320511303146067	1.0
MRVI1	0.08526448	-1.7099094	0.9320511303146067	1.0
JAK3	0.08526448	-1.1673372	0.9320511303146067	1.0
HBB	0.08526448	-0.3368627	0.9320511303146067	1.0
CFAP99	0.08526448	-0.9888838	0.9320511303146067	1.0
LINC00632	0.08526448	-0.59224945	0.9320511303146067	1.0
CXCL9	0.08526448	-1.1958815	0.9320511303146067	1.0
WISP1	0.08526448	-4.4763546	0.9320511303146067	1.0
AC245014.1	0.08526448		0.9320511303146067	1.0
AMTN	0.08526448	-1.881393	0.9320511303146067	1.0
MUC7	0.08526448		0.9320511303146067	1.0
SCT	0.08526448		0.9320511303146067	1.0
CYSRT1	0.08526448	-0.46060687	0.9320511303146067	1.0
OR51E1	0.08526448		0.9320511303146067	1.0
PDE3B	0.08526448	-0.59234446	0.9320511303146067	1.0
MUC12	0.08526448	-1.0059427	0.9320511303146067	1.0
SLC26A3	0.08526448	-0.16202143	0.9320511303146067	1.0
AL157902.1	0.08526448		0.9320511303146067	1.0
AC012617.1	0.08526448		0.9320511303146067	1.0
RGS7BP	0.08526448		0.9320511303146067	1.0
CLIC5	0.08526448		0.9320511303146067	1.0
PRODH	0.08526448	-1.2177157	0.9320511303146067	1.0
GSG1L	0.08526448	-2.1639917	0.9320511303146067	1.0
CHD5	0.08526448	-2.381535	0.9320511303146067	1.0
BX323043.1	0.08526448		0.9320511303146067	1.0
LINC00158	0.08526448		0.9320511303146067	1.0
AC004160.2	0.08526448		0.9320511303146067	1.0
SAMD3	0.08526448		0.9320511303146067	1.0
LINC01869	0.08526448		0.9320511303146067	1.0
FPR3	0.08526448	-1.2026018	0.9320511303146067	1.0
AL512288.1	0.08526448		0.9320511303146067	1.0
LINC00898	0.08526448		0.9320511303146067	1.0
AP001605.1	0.08526448		0.9320511303146067	1.0
AC104170.1	0.08526448		0.9320511303146067	1.0
DIO1	0.08526448	-0.33113247	0.9320511303146067	1.0
AC013470.2	0.08526448	-2.2394044	0.9320511303146067	1.0
MLIP	0.08526448	-3.6124482	0.9320511303146067	1.0
IGHV1-46	0.08526448		0.9320511303146067	1.0
ZNF350-AS1	0.08526448	-0.23517601	0.9320511303146067	1.0
CHGA	0.08526448		0.9320511303146067	1.0
TCL1B	0.08526448	-3.315027	0.9320511303146067	1.0
CXCL11	0.08526448	-0.9499163	0.9320511303146067	1.0
DEFA5	0.08526448		0.9320511303146067	1.0
FOXP3	0.08526448	-2.0736437	0.9320511303146067	1.0
WAS	0.08526448	-2.0972576	0.9320511303146067	1.0
FCGR1B	0.08526448		0.9320511303146067	1.0
CYBB	0.08526448	-1.5005454	0.9320511303146067	1.0
CCR4	0.08526448		0.9320511303146067	1.0
SP140	0.08526448	-0.91263455	0.9320511303146067	1.0
AC090948.3	0.08526448		0.9320511303146067	1.0
LIPJ	0.08526448		0.9320511303146067	1.0
IFNG	0.08526448	-1.7183669	0.9320511303146067	1.0
AC079310.1	0.08526448		0.9320511303146067	1.0
AC084876.1	0.08526448		0.9320511303146067	1.0
CTLA4	0.08526448	-2.8413894	0.9320511303146067	1.0
GZMH	0.08526448	-2.1788805	0.9320511303146067	1.0
RNASE6	0.08526448	-1.5440047	0.9320511303146067	1.0
AC016745.1	0.08526448	-1.7721666	0.9320511303146067	1.0
CD163	0.08526448		0.9320511303146067	1.0
OLR1	0.08526448	-1.3568126	0.9320511303146067	1.0
CACNA1C-AS2	0.08526448		0.9320511303146067	1.0
AC010998.2	0.08526448		0.9320511303146067	1.0
LINC01630	0.08526448		0.9320511303146067	1.0
EOMES	0.08526448	-6.1067357	0.9320511303146067	1.0
AC022726.2	0.08526448		0.9320511303146067	1.0
CLECL1	0.08526448	-2.9988015	0.9320511303146067	1.0
BFSP2	0.08526448	-1.5981455	0.9320511303146067	1.0
PGA3	0.08526448		0.9320511303146067	1.0
CD5	0.08526448		0.9320511303146067	1.0
CD248	0.08526448	-2.1421063	0.9320511303146067	1.0
NAALADL1	0.08526448	-0.623206	0.9320511303146067	1.0
ADARB2	0.08526448	-2.2848754	0.9320511303146067	1.0
MMP13	0.08526448	-2.2843866	0.9320511303146067	1.0
GRM5-AS1	0.08526448		0.9320511303146067	1.0
AL158211.3	0.08526448		0.9320511303146067	1.0
AC022296.3	0.08526448		0.9320511303146067	1.0
AL121845.4	0.08526448		0.9320511303146067	1.0
CDH7	0.08526448	-1.5340636	0.9320511303146067	1.0
TCF4-AS2	0.08526448		0.9320511303146067	1.0
AC090948.2	0.08526448		0.9320511303146067	1.0
MUC19	0.08526448	-1.9371369	0.9320511303146067	1.0
CCDC85A	0.08526448	-1.2321135	0.9320511303146067	1.0
BIN2	0.08526448	-0.5618637	0.9320511303146067	1.0
TRG-AS1	0.08526448	-6.245725	0.9320511303146067	1.0
ZC3H12D	0.08526448	-1.6183939	0.9320511303146067	1.0
IGHV3-72	0.08526448		0.9320511303146067	1.0
SCG3	0.08526448		0.9320511303146067	1.0
AC107241.1	0.08526448		0.9320511303146067	1.0
IGHV3-7	0.08526448		0.9320511303146067	1.0
CD8B	0.08526448	-1.1668752	0.9320511303146067	1.0
DQX1	0.08526448	-1.1522267	0.9320511303146067	1.0
IGKV3-20	0.08526448	-3.7873461	0.9320511303146067	1.0
AC107032.2	0.08526448	-1.367104	0.9320511303146067	1.0
IGKV3-11	0.08526448	-2.4205875	0.9320511303146067	1.0
TRIM63	0.08526448		0.9320511303146067	1.0
IGHV1-2	0.08526448		0.9320511303146067	1.0
VCAM1	0.08526448	-1.1962751	0.9320511303146067	1.0
GBP7	0.08526448	-4.8787513	0.9320511303146067	1.0
GPR65	0.08526448	-0.8567736	0.9320511303146067	1.0
LGALS9C	0.08526448		0.9320511303146067	1.0
AC104982.1	0.08526448		0.9320511303146067	1.0
RGS13	0.08526448	-1.7015294	0.9320511303146067	1.0
EVI2B	0.08526448	-0.29781646	0.9320511303146067	1.0
ITGAX	0.08526448	-3.9612455	0.9320511303146067	1.0
TRGC2	0.08526448	-1.7204581	0.9320511303146067	1.0
AC004832.6	0.08526448	-4.2695594	0.9320511303146067	1.0
IGLV3-21	0.08526448		0.9320511303146067	1.0
SLFN12L	0.08526448	-2.3202276	0.9320511303146067	1.0
AC009242.1	0.08526448	-5.579845	0.9320511303146067	1.0
NLRC3	0.08526448		0.9320511303146067	1.0
AL359764.1	0.08526448		0.9320511303146067	1.0
ECSCR	0.08526448	-1.2260275	0.9320511303146067	1.0
UNC5A	0.08526448	-1.2150136	0.9320511303146067	1.0
CPNE5	0.08526448	-1.5819883	0.9320511303146067	1.0
JAKMIP2	0.08526448		0.9320511303146067	1.0
AC025171.4	0.07340159	-0.7870347	0.9414865484232023	1.0
CNTD1	0.073131986	-0.11091751	0.9417010902713149	1.0
RNASE1	0.073131986	-0.11768553	0.9417010902713149	1.0
CILP	0.073131986	-1.8956364	0.9417010902713149	1.0
AC100801.1	0.073131986	-0.11082333	0.9417010902713149	1.0
LGALS2	0.073131986	-0.7937386	0.9417010902713149	1.0
BAALC	0.073131986	-0.54876906	0.9417010902713149	1.0
TNFRSF13C	0.073131986	-0.76574117	0.9417010902713149	1.0
C2orf50	0.07309828	-0.48561117	0.9417279083000832	1.0
IPCEF1	0.07309828	-1.1338893	0.9417279083000832	1.0
AC012414.5	0.07309828	-5.9543056	0.9417279083000832	1.0
AC012358.1	0.07309828		0.9417279083000832	1.0
DUSP19	0.07309828	-0.6034267	0.9417279083000832	1.0
LACRT	0.07309828		0.9417279083000832	1.0
DPT	0.07309828	-1.0035051	0.9417279083000832	1.0
C15orf53	0.07309828		0.9417279083000832	1.0
GOLGA8H	0.07309828		0.9417279083000832	1.0
IL23R	0.07309828		0.9417279083000832	1.0
VWF	0.07309828	-0.85659415	0.9417279083000832	1.0
AC073370.1	0.07309828		0.9417279083000832	1.0
FCRL2	0.07309828	-4.156824	0.9417279083000832	1.0
DNAH10	0.07309828	-2.1865582	0.9417279083000832	1.0
ACER1	0.07309828		0.9417279083000832	1.0
AL138781.1	0.07309828	-2.9283602	0.9417279083000832	1.0
AL158163.2	0.07309828	-0.95488334	0.9417279083000832	1.0
LAMP5	0.07309828	-2.8200269	0.9417279083000832	1.0
AC013714.1	0.07309828		0.9417279083000832	1.0
TBC1D10C	0.07309828	-0.9941249	0.9417279083000832	1.0
AL355870.1	0.07309828		0.9417279083000832	1.0
JAML	0.07309828	-2.4390185	0.9417279083000832	1.0
LGI2	0.07309828		0.9417279083000832	1.0
AC138230.1	0.07309828	-1.346504	0.9417279083000832	1.0
AC120049.1	0.07309828		0.9417279083000832	1.0
TUBB4A	0.07309828	-2.409608	0.9417279083000832	1.0
AC005779.1	0.07309828		0.9417279083000832	1.0
AC242988.1	0.07309828		0.9417279083000832	1.0
UPK1A	0.07309828	-0.87396926	0.9417279083000832	1.0
AC110609.1	0.07309828		0.9417279083000832	1.0
AL133367.1	0.07309828	-1.6006753	0.9417279083000832	1.0
HIST1H2AI	0.07309828	-0.6042565	0.9417279083000832	1.0
ZCCHC18	0.07309828	-1.542956	0.9417279083000832	1.0
CXCR3	0.07309828	-2.2911794	0.9417279083000832	1.0
LTA	0.07309828	-2.9482706	0.9417279083000832	1.0
AL121936.1	0.07309828	-1.6890092	0.9417279083000832	1.0
AC034229.4	0.07309828		0.9417279083000832	1.0
KLK3	0.07309828	-3.920942	0.9417279083000832	1.0
GTSE1-DT	0.07309828	-1.4322798	0.9417279083000832	1.0
AL021707.3	0.07309828		0.9417279083000832	1.0
CFAP57	0.07309828	-1.0456779	0.9417279083000832	1.0
TMEM35B	0.07309828		0.9417279083000832	1.0
CDH5	0.07306458	-0.912912	0.9417547263949183	1.0
GRAMD1B	0.07306458	-0.84011126	0.9417547263949183	1.0
CFAP126	0.07306458	-0.6920186	0.9417547263949183	1.0
KIF5A	0.07306458	-0.72668123	0.9417547263949183	1.0
COL15A1	0.07286237	-0.47747216	0.9419156363496309	1.0
NCAM1	0.061167996	-1.0172842	0.9512254176372931	1.0
BPIFB1	0.06099949	-0.08137637	0.9513596160756053	1.0
GRPR	0.06099949	-0.68636197	0.9513596160756053	1.0
DLK1	0.060965788	-1.0364074	0.9513864559289185	1.0
AC008083.2	0.060965788	-0.6900379	0.9513864559289185	1.0
INPP5D	0.060965788	-0.55591446	0.9513864559289185	1.0
FPGT-TNNI3K	0.060932085	-1.0757117	0.9514132958373777	1.0
LINC02099	0.060932085	-1.8122323	0.9514132958373777	1.0
SPATA21	0.060932085	-1.93718	0.9514132958373777	1.0
CCR6	0.060932085	-0.7844568	0.9514132958373777	1.0
CFH	0.060932085	-0.9091516	0.9514132958373777	1.0
ASAH2	0.060932085	-0.9854773	0.9514132958373777	1.0
LINC01144	0.060932085	-0.8128614	0.9514132958373777	1.0
SCN11A	0.060932085	-1.627087	0.9514132958373777	1.0
ACVR2B-AS1	0.060932085	-0.9128712	0.9514132958373777	1.0
APOBEC3D	0.060932085	-2.8163333	0.9514132958373777	1.0
AC005609.4	0.060932085		0.9514132958373777	1.0
CLRN1-AS1	0.060932085		0.9514132958373777	1.0
FAM129C	0.060932085	-1.7700549	0.9514132958373777	1.0
AL589765.7	0.060932085	-4.666746	0.9514132958373777	1.0
SAMD12-AS1	0.060932085	-1.7913625	0.9514132958373777	1.0
AC129510.2	0.060932085	-1.0966194	0.9514132958373777	1.0
HIST1H4D	0.060932085	-1.0146949	0.9514132958373777	1.0
MEF2C	0.048799593	-0.33381554	0.9610790080090357	1.0
ADGRL4	0.048799593	-1.0142815	0.9610790080090357	1.0
HIGD1B	0.04876589	-0.48021737	0.9611058658393447	1.0
CACNA2D4	0.04876589	-0.983656	0.9611058658393447	1.0
KIF21B	0.04876589	-0.8306741	0.9611058658393447	1.0
LRRC2	0.04876589	-1.3691171	0.9611058658393447	1.0
MPZ	0.04876589	-0.9919552	0.9611058658393447	1.0
IGFL2	0.04876589	-0.8833101	0.9611058658393447	1.0
RGL4	0.04876589		0.9611058658393447	1.0
VSIR	0.048732188	-0.093527324	0.9611327237137939	1.0
PDGFD	0.048664786	0.006907989	0.9611864395949914	1.0
TNXB	0.048664786	-0.124562904	0.9611864395949914	1.0
SYP	0.036667097	-0.036612432	0.9707504444941343	1.0
CD79A	0.036633395	-0.4498613	0.9707773162473264	1.0
MEF2B	0.036599692	-2.2014804	0.9708041880336944	1.0
AC015819.2	0.036599692	-0.75439626	0.9708041880336944	1.0
STAT4	0.036599692	-0.6136652	0.9708041880336944	1.0
DDIT4L	0.036599692	-0.5394172	0.9708041880336944	1.0
LBP	0.036599692	-0.31411594	0.9708041880336944	1.0
AC008663.3	0.036599692	-1.5093695	0.9708041880336944	1.0
AC009812.3	0.036599692	-0.50817066	0.9708041880336944	1.0
BHLHE40-AS1	0.03646489	0.0043173037	0.9709116755103142	1.0
COL7A1	0.024804212	-0.46367496	0.9802111313454219	1.0
LRRC17	0.024534602	-0.5548871	0.9804261843513258	1.0
DIRAS3	0.024500899	-0.15770373	0.9804530660774062	1.0
AP001267.1	0.024500899	-0.27058005	0.9804530660774062	1.0
HGF	0.024467198	-0.8713616	0.9804799478256834	1.0
TNFRSF9	0.024467198	-0.76149863	0.9804799478256834	1.0
CYP51A1-AS1	0.024433497	-0.46928403	0.9805068295961267	1.0
BGLAP	0.024433497	-0.33007056	0.9805068295961267	1.0
RBFOX1	0.024433497	-0.47268462	0.9805068295961267	1.0
THBS2	0.012469509	-0.16997385	0.990051029284543	1.0
AC020911.2	0.012301002	-0.14052428	0.9901854680072489	1.0
SRPX	0.012267301	-0.11339952	0.990212355785352	1.0
CD83	0.012267301	0.010793896	0.990212355785352	1.0
AL353795.2	0.0	6.1505786e-14	1.0	1.0
LYL1	0.0	-8.809423e-15	1.0	1.0
LRRC25	0.0	-3.379615e-14	1.0	1.0
AL359636.1	0.0	6.75923e-14	1.0	1.0
AL158071.3	0.0	-5.6059964e-14	1.0	1.0
HEMGN	0.0	6.8553324e-14	1.0	1.0
NR5A1	0.0	8.7773884e-14	1.0	1.0
IL12RB1	0.0	-6.2146475e-14	1.0	1.0
ABRA	0.0	-6.2146475e-14	1.0	1.0
AL589765.5	0.0	-3.9241976e-14	1.0	1.0
CLEC17A	0.0	2.786981e-14	1.0	1.0
AC104958.2	0.0	2.6268098e-14	1.0	1.0
CELF3	0.0	4.1324203e-14	1.0	1.0
AL354928.1	0.0	5.670065e-14	1.0	1.0
AC009908.1	0.0	-3.6038548e-14	1.0	1.0
AC008752.2	0.0	-8.9856115e-14	1.0	1.0
COL5A3	0.0	-4.116403e-14	1.0	1.0
LINC00861	0.0	-1.9540901e-14	1.0	1.0
AC084116.1	0.0	3.2034265e-16	1.0	1.0
AF178030.1	0.0	0.0	1.0	1.0
CFAP77	0.0	-4.6449686e-15	1.0	1.0
FAM78A	0.0	5.1254824e-14	1.0	1.0
AC024075.3	0.0	8.457046e-14	1.0	1.0
KCNK9	0.0	7.43195e-14	1.0	1.0
LYNX1-SLURP2	0.0	-5.3817566e-14	1.0	1.0
AC110741.1	0.0	-4.9973453e-14	1.0	1.0
MUC16	0.0	-3.235461e-14	1.0	1.0
FXYD7	0.0	3.2034265e-16	1.0	1.0
AC008738.3	0.0	-6.294733e-14	1.0	1.0
LY6H	0.0	9.0336626e-14	1.0	1.0
CASP14	0.0	2.3705355e-14	1.0	1.0
AC073539.1	0.0	-9.7384164e-14	1.0	1.0
AC090987.1	0.0	-3.9722488e-14	1.0	1.0
TEX48	0.0	9.610279e-16	1.0	1.0
AL161785.3	0.0	3.5237692e-14	1.0	1.0
AC092364.1	0.0	-4.5648828e-14	1.0	1.0
AC123912.2	0.0	6.406853e-16	1.0	1.0
FCER2	0.0	9.578245e-14	1.0	1.0
TNFSF8	0.0	2.915118e-14	1.0	1.0
MCEMP1	0.0	-4.0203003e-14	1.0	1.0
AL360268.1	0.0	5.958373e-14	1.0	1.0
AC020912.1	0.0	4.9332768e-14	1.0	1.0
AC016885.2	0.0	-1.9060388e-14	1.0	1.0
AC083967.1	0.0	-1.1051822e-14	1.0	1.0
AC022182.2	0.0	-3.8441116e-14	1.0	1.0
AC068389.1	0.0	-6.9994866e-14	1.0	1.0
LINC01419	0.0	-6.775247e-14	1.0	1.0
FABP9	0.0	2.7229126e-14	1.0	1.0
GAGE2A	0.0	-2.3705355e-14	1.0	1.0
GAGE1	0.0	9.0977315e-14	1.0	1.0
GAGE12H	0.0	4.6449684e-14	1.0	1.0
GAGE12E	0.0	4.484797e-15	1.0	1.0
P2RY10	0.0	-2.0021416e-14	1.0	1.0
AL590764.1	0.0	-6.0865104e-14	1.0	1.0
GDPD2	0.0	-1.1051822e-14	1.0	1.0
VSIG4	0.0	-2.899101e-14	1.0	1.0
LINC00589	0.0	-6.0704934e-14	1.0	1.0
HRNR	0.0	-5.3657393e-14	1.0	1.0
NEFL	0.0	5.3497222e-14	1.0	1.0
ADAMDEC1	0.0	-7.383898e-14	1.0	1.0
AC120193.1	0.0	-7.271778e-14	1.0	1.0
AL354793.1	0.0	-3.411649e-14	1.0	1.0
PAGE5	0.0	6.663127e-14	1.0	1.0
PAGE1	0.0	-2.9791867e-14	1.0	1.0
AC103957.1	0.0	7.367881e-15	1.0	1.0
AF287957.1	0.0	3.6519063e-14	1.0	1.0
IL9R	0.0	-6.2466816e-14	1.0	1.0
LZTS1	0.0	6.406853e-14	1.0	1.0
MSR1	0.0	4.4847972e-14	1.0	1.0
AC022239.1	0.0	-6.75923e-14	1.0	1.0
BLK	0.0	9.578245e-14	1.0	1.0
C8orf74	0.0	1.8259532e-14	1.0	1.0
GAB3	0.0	-3.523769e-15	1.0	1.0
NUGGC	0.0	7.0795725e-14	1.0	1.0
AC022146.2	0.0	-2.0662102e-14	1.0	1.0
CLEC4G	0.0	2.7549467e-14	1.0	1.0
C9orf24	0.0	-2.0822272e-14	1.0	1.0
UBE2R2-AS1	0.0	5.061414e-14	1.0	1.0
PXDNL	0.0	-3.2034265e-15	1.0	1.0
CHRNA6	0.0	3.8441116e-15	1.0	1.0
AC009630.2	0.0	-3.0112208e-14	1.0	1.0
MBOAT4	0.0	-4.35666e-14	1.0	1.0
FLG2	0.0	-4.0042832e-14	1.0	1.0
FAM166B	0.0	-4.5328484e-14	1.0	1.0
DMP1	0.0	4.0683518e-14	1.0	1.0
AC093895.1	0.0	-3.0432552e-14	1.0	1.0
PLAC8	0.0	-6.679144e-14	1.0	1.0
ADH1B	0.0	5.2536195e-14	1.0	1.0
LINC02267	0.0	2.2423986e-15	1.0	1.0
AP001574.1	0.0	5.3497222e-14	1.0	1.0
HPGDS	0.0	9.7384164e-14	1.0	1.0
RUNX1T1	0.0	-4.6449686e-15	1.0	1.0
SMR3B	0.0	-1.8259532e-14	1.0	1.0
CSN3	0.0	8.8734914e-14	1.0	1.0
CSN2	0.0	-2.17833e-14	1.0	1.0
CSN1S1	0.0	4.1644544e-15	1.0	1.0
GRID2	0.0	-1.29738774e-14	1.0	1.0
MMRN1	0.0	-1.329422e-14	1.0	1.0
IBSP	0.0	-6.9354184e-14	1.0	1.0
AC034114.2	0.0	-3.731992e-14	1.0	1.0
STMN2	0.0	6.0224415e-14	1.0	1.0
C8orf89	0.0	7.3038126e-14	1.0	1.0
LACTB2-AS1	0.0	-3.5237692e-14	1.0	1.0
AP002852.1	0.0	-2.17833e-14	1.0	1.0
AP003472.1	0.0	-3.2995294e-14	1.0	1.0
AC106881.1	0.0	2.4025698e-14	1.0	1.0
MS4A6A	0.0	3.5237692e-14	1.0	1.0
MS4A3	0.0	-7.544069e-14	1.0	1.0
NPAS4	0.0	-1.2813706e-15	1.0	1.0
RASGRP2	0.0	-9.594262e-14	1.0	1.0
AP003774.4	0.0	-2.899101e-14	1.0	1.0
GNG3	0.0	9.38604e-14	1.0	1.0
AP003306.2	0.0	8.649251e-14	1.0	1.0
LCN1	0.0	5.1254824e-14	1.0	1.0
AC131571.1	0.0	3.395632e-14	1.0	1.0
LUZP2	0.0	-3.0752893e-14	1.0	1.0
PTPN5	0.0	-5.2856536e-14	1.0	1.0
MPEG1	0.0	-3.715975e-14	1.0	1.0
AC090559.1	0.0	6.1826134e-14	1.0	1.0
MYBPC3	0.0	7.399915e-14	1.0	1.0
AC018410.1	0.0	-1.2493363e-14	1.0	1.0
CD38	0.0	6.727196e-15	1.0	1.0
FO393401.1	0.0	9.193834e-14	1.0	1.0
CD86	0.0	7.015504e-14	1.0	1.0
AC079848.1	0.0	5.670065e-14	1.0	1.0
AC128687.2	0.0	-7.2877956e-14	1.0	1.0
TIGIT	0.0	-4.6129343e-14	1.0	1.0
ZBTB20-AS1	0.0	-1.681799e-14	1.0	1.0
PLA1A	0.0	0.0	1.0	1.0
MS4A4A	0.0	1.8259532e-14	1.0	1.0
DEPDC7	0.0	-8.729337e-14	1.0	1.0
BCHE	0.0	-6.743213e-14	1.0	1.0
SAMD7	0.0	3.8120775e-14	1.0	1.0
CCDC39	0.0	-1.2813706e-15	1.0	1.0
KLHL6-AS1	0.0	-7.367881e-15	1.0	1.0
NME9	0.0	-9.610279e-16	1.0	1.0
AC092979.1	0.0	3.267495e-14	1.0	1.0
CPA3	0.0	6.1505786e-14	1.0	1.0
C11orf88	0.0	-4.5168313e-14	1.0	1.0
SLCO2B1	0.0	-6.679144e-14	1.0	1.0
AP001189.5	0.0	1.6657818e-14	1.0	1.0
PTPRCAP	0.0	-4.725054e-14	1.0	1.0
MRGPRF-AS1	0.0	-5.766168e-14	1.0	1.0
FGF19	0.0	6.727196e-14	1.0	1.0
FGF4	0.0	-5.333705e-14	1.0	1.0
AP000936.1	0.0	4.709037e-14	1.0	1.0
CELF2-AS1	0.0	7.528052e-14	1.0	1.0
NAALAD2	0.0	-4.5168313e-14	1.0	1.0
AP000942.2	0.0	5.926339e-14	1.0	1.0
AP003498.1	0.0	-2.8510495e-14	1.0	1.0
SH2D4B	0.0	-1.0411136e-14	1.0	1.0
CDHR1	0.0	-4.6609855e-14	1.0	1.0
LDB3	0.0	-3.411649e-14	1.0	1.0
PRF1	0.0	-5.317688e-14	1.0	1.0
CD1A	0.0	3.5558033e-14	1.0	1.0
FXYD2	0.0	8.457046e-14	1.0	1.0
AL512631.1	0.0	8.71332e-14	1.0	1.0
AP003481.1	0.0	-5.6059965e-15	1.0	1.0
AP000904.1	0.0	3.5558033e-14	1.0	1.0
OPCML	0.0	4.1324203e-14	1.0	1.0
AP003062.1	0.0	9.289937e-15	1.0	1.0
AL157709.1	0.0	3.6839404e-14	1.0	1.0
AP004609.1	0.0	-9.289937e-15	1.0	1.0
AP005019.1	0.0	-2.9952037e-14	1.0	1.0
MRC1	0.0	-5.4778593e-14	1.0	1.0
AL157895.1	0.0	6.8553324e-14	1.0	1.0
APBB1IP	0.0	-8.7773884e-14	1.0	1.0
AL160291.1	0.0	-5.734133e-14	1.0	1.0
AL645634.2	0.0	-4.9973453e-14	1.0	1.0
AL451164.2	0.0	-1.938073e-14	1.0	1.0
AL137186.1	0.0	5.3497222e-14	1.0	1.0
FOLR2	0.0	-5.766168e-14	1.0	1.0
AP007216.2	0.0	-8.9535774e-14	1.0	1.0
PAX5	0.0	-4.5648828e-14	1.0	1.0
SVEP1	0.0	7.688223e-14	1.0	1.0
C4orf50	0.0	-1.37747335e-14	1.0	1.0
AC096734.2	0.0	-2.9631696e-14	1.0	1.0
BEND4	0.0	5.061414e-14	1.0	1.0
TLR10	0.0	-2.4025698e-14	1.0	1.0
DTHD1	0.0	-7.528052e-14	1.0	1.0
AC104078.1	0.0	7.592121e-14	1.0	1.0
AC024132.3	0.0	6.53499e-14	1.0	1.0
AC024132.2	0.0	-2.0021416e-14	1.0	1.0
NRROS	0.0	3.8441116e-14	1.0	1.0
LINC01991	0.0	4.4207286e-14	1.0	1.0
ADIPOQ	0.0	-5.0453968e-14	1.0	1.0
AC024230.1	0.0	-7.415932e-14	1.0	1.0
AC006160.1	0.0	-3.0913067e-14	1.0	1.0
ADAMTSL2	0.0	4.9012426e-14	1.0	1.0
SIT1	0.0	-7.3038126e-14	1.0	1.0
GPIHBP1	0.0	1.3134049e-14	1.0	1.0
SLC24A2	0.0	-5.6220135e-14	1.0	1.0
AL157937.1	0.0	-9.610279e-15	1.0	1.0
IFNK	0.0	3.715975e-14	1.0	1.0
TMEM215	0.0	3.363598e-14	1.0	1.0
HBG2	0.0	6.663127e-14	1.0	1.0
FGFBP2	0.0	-5.3016707e-14	1.0	1.0
AC069360.1	0.0	-8.0085663e-16	1.0	1.0
LINC02547	0.0	-3.3315635e-14	1.0	1.0
MUC2	0.0	-2.0822272e-14	1.0	1.0
C11orf21	0.0	5.670065e-14	1.0	1.0
TSPAN32	0.0	-4.0523344e-14	1.0	1.0
OR52K1	0.0	1.9220558e-14	1.0	1.0
AC005674.1	0.0	3.523769e-15	1.0	1.0
AC245140.1	0.0	1.0250965e-14	1.0	1.0
OR6A2	0.0	3.1713923e-14	1.0	1.0
AC005329.2	0.0	4.0042832e-14	1.0	1.0
LINGO3	0.0	1.697816e-14	1.0	1.0
S1PR4	0.0	3.9081802e-14	1.0	1.0
C20orf197	0.0	3.395632e-14	1.0	1.0
LINC00237	0.0	-1.05713075e-14	1.0	1.0
LINC01727	0.0	-7.127624e-14	1.0	1.0
CSTL1	0.0	5.221585e-14	1.0	1.0
AL161781.2	0.0	-7.1756755e-14	1.0	1.0
CST1	0.0	4.0683518e-14	1.0	1.0
AC011491.3	0.0	-5.686082e-14	1.0	1.0
AC119396.1	0.0	-3.9562317e-14	1.0	1.0
RETN	0.0	1.4095076e-14	1.0	1.0
HBD	0.0	5.445825e-15	1.0	1.0
LCN6	0.0	8.0406005e-14	1.0	1.0
LCN15	0.0	-3.2194435e-14	1.0	1.0
NLRP6	0.0	2.530707e-14	1.0	1.0
CST9	0.0	-2.0982444e-14	1.0	1.0
AL591441.1	0.0	3.5237692e-14	1.0	1.0
PGM5-AS1	0.0	5.6380305e-14	1.0	1.0
AC096734.1	0.0	-5.3657393e-14	1.0	1.0
STAP1	0.0	-3.8120775e-14	1.0	1.0
UGT2B4	0.0	4.196489e-14	1.0	1.0
AL162457.1	0.0	-1.441542e-14	1.0	1.0
HAR1B	0.0	1.441542e-14	1.0	1.0
PRSS57	0.0	-2.3545185e-14	1.0	1.0
LIME1	0.0	3.5878378e-14	1.0	1.0
AL121845.1	0.0	-6.807281e-14	1.0	1.0
DBH	0.0	-2.1623128e-14	1.0	1.0
DBH-AS1	0.0	-2.1142615e-14	1.0	1.0
FCN1	0.0	4.3886942e-14	1.0	1.0
TMIGD2	0.0	-2.1943471e-14	1.0	1.0
ARRDC5	0.0	-3.8120775e-14	1.0	1.0
CATSPERD	0.0	3.2995294e-14	1.0	1.0
COL20A1	0.0	5.9904074e-14	1.0	1.0
LRRC4B	0.0	-2.658844e-14	1.0	1.0
LINC00895	0.0	3.2034265e-15	1.0	1.0
AC000067.1	0.0	3.9081802e-14	1.0	1.0
AC000093.1	0.0	-2.2584157e-14	1.0	1.0
FAM162B	0.0	-3.6999575e-14	1.0	1.0
PLN	0.0	-6.8873668e-15	1.0	1.0
AL096711.2	0.0	3.3315635e-14	1.0	1.0
FCRL1	0.0	4.8692082e-14	1.0	1.0
AC008750.7	0.0	-6.0865102e-15	1.0	1.0
SIGLEC8	0.0	6.695161e-14	1.0	1.0
SIGLEC5	0.0	-7.383898e-14	1.0	1.0
HAS1	0.0	9.0977315e-14	1.0	1.0
CCDC114	0.0	-7.0315214e-14	1.0	1.0
CCDC155	0.0	5.6059964e-14	1.0	1.0
TSKS	0.0	9.289937e-15	1.0	1.0
LILRA4	0.0	5.3497222e-14	1.0	1.0
KLK4	0.0	-8.280858e-14	1.0	1.0
AC010255.1	0.0	-4.5168313e-14	1.0	1.0
AC008691.1	0.0	8.745354e-14	1.0	1.0
IL12B	0.0	8.9695944e-14	1.0	1.0
SCGB3A2	0.0	-9.402057e-14	1.0	1.0
SPINK6	0.0	7.496018e-14	1.0	1.0
IRGM	0.0	3.235461e-14	1.0	1.0
AC011374.1	0.0	-4.4047116e-14	1.0	1.0
AC008655.2	0.0	-5.0293798e-14	1.0	1.0
HAVCR1	0.0	8.008566e-15	1.0	1.0
FAM153C	0.0	7.656189e-14	1.0	1.0
GABRB2	0.0	-4.116403e-14	1.0	1.0
GABRA1	0.0	5.1254824e-14	1.0	1.0
DOCK2	0.0	-9.930622e-15	1.0	1.0
EFCAB9	0.0	4.1644544e-15	1.0	1.0
AC008663.2	0.0	-3.619872e-14	1.0	1.0
AC134043.1	0.0	9.065697e-14	1.0	1.0
TIMD4	0.0	-8.9375596e-14	1.0	1.0
AC097652.1	0.0	7.335847e-14	1.0	1.0
TRIML2	0.0	-5.2536195e-14	1.0	1.0
AC093909.4	0.0	4.9332768e-14	1.0	1.0
AC116351.1	0.0	-5.3817566e-14	1.0	1.0
BASP1-AS1	0.0	3.4276662e-14	1.0	1.0
PCSK1	0.0	-3.860129e-14	1.0	1.0
CDC20B	0.0	9.930622e-15	1.0	1.0
LAIR2	0.0	-1.441542e-14	1.0	1.0
AC035140.1	0.0	4.0042832e-14	1.0	1.0
CRHBP	0.0	3.4917348e-14	1.0	1.0
CDH6	0.0	-6.807281e-14	1.0	1.0
LINC02104	0.0	3.6519063e-14	1.0	1.0
AL603910.1	0.0	9.257903e-14	1.0	1.0
AL096678.1	0.0	-8.9055255e-14	1.0	1.0
AL138731.1	0.0	9.7704505e-14	1.0	1.0
MEP1A	0.0	-5.061414e-14	1.0	1.0
ANKRD55	0.0	-5.4137908e-14	1.0	1.0
KIR3DX1	0.0	3.6519063e-14	1.0	1.0
LILRB1	0.0	6.695161e-14	1.0	1.0
LILRB4	0.0	2.5947755e-14	1.0	1.0
AC010320.3	0.0	5.4778593e-14	1.0	1.0
AC022150.1	0.0	4.3246256e-14	1.0	1.0
LILRA6	0.0	8.649252e-15	1.0	1.0
MUC22	0.0	8.9055255e-14	1.0	1.0
AC022126.1	0.0	-3.027238e-14	1.0	1.0
HIST1H4L	0.0	-5.798202e-14	1.0	1.0
MOG	0.0	1.05713075e-14	1.0	1.0
ZBTB32	0.0	-1.1051822e-14	1.0	1.0
MAP4K1	0.0	6.406853e-16	1.0	1.0
IFNL1	0.0	5.0293798e-14	1.0	1.0
LILRA5	0.0	-7.8003434e-14	1.0	1.0
C7	0.0	8.9695944e-14	1.0	1.0
AC010478.1	0.0	-4.3086086e-14	1.0	1.0
HIST1H4I	0.0	6.0865102e-15	1.0	1.0
SYT5	0.0	-5.2536195e-14	1.0	1.0
C22orf15	0.0	1.4095076e-14	1.0	1.0
Z99756.1	0.0	-4.965311e-15	1.0	1.0
TTTY14	0.0	3.8441116e-15	1.0	1.0
KDM5D	0.0	5.1254823e-15	1.0	1.0
EIF1AY	0.0	0.0	1.0	1.0
AC020922.4	0.0	4.9653112e-14	1.0	1.0
CAMK4	0.0	-4.69302e-14	1.0	1.0
ZFY	0.0	5.958373e-14	1.0	1.0
KIR2DL3	0.0	0.0	1.0	1.0
Z82214.2	0.0	4.4207286e-14	1.0	1.0
AL139424.1	0.0	-2.7068954e-14	1.0	1.0
AL109811.4	0.0	8.9055255e-14	1.0	1.0
NPPA	0.0	7.528052e-14	1.0	1.0
NPPB	0.0	5.221585e-14	1.0	1.0
C1orf158	0.0	-4.4367457e-14	1.0	1.0
NLRP8	0.0	-5.9743904e-14	1.0	1.0
BTNL8	0.0	-7.848395e-15	1.0	1.0
IRF4	0.0	4.6129343e-14	1.0	1.0
LY86	0.0	6.567024e-14	1.0	1.0
FAM153B	0.0	-6.727196e-14	1.0	1.0
AC138956.2	0.0	-1.3934905e-14	1.0	1.0
SNCB	0.0	1.2813706e-15	1.0	1.0
AP000355.1	0.0	-2.3545185e-14	1.0	1.0
NLRP7	0.0	-3.1553753e-14	1.0	1.0
GRAP2	0.0	-3.8280946e-14	1.0	1.0
AL022316.1	0.0	3.7800434e-14	1.0	1.0
AL138720.1	0.0	-6.9994866e-14	1.0	1.0
JARID2-AS1	0.0	-3.6839407e-15	1.0	1.0
KIR2DL4	0.0	-1.5856962e-14	1.0	1.0
KIR3DL2	0.0	2.2423986e-15	1.0	1.0
AC245128.3	0.0	-1.4895933e-14	1.0	1.0
NCR1	0.0	7.0795725e-14	1.0	1.0
APOBEC3H	0.0	-6.454905e-14	1.0	1.0
GFI1	0.0	-8.521114e-14	1.0	1.0
PLPPR4	0.0	-7.848395e-15	1.0	1.0
C1orf194	0.0	6.0865102e-15	1.0	1.0
LINC01135	0.0	3.619872e-14	1.0	1.0
IL13	0.0	4.4207286e-14	1.0	1.0
SMIM32	0.0	-3.6839404e-14	1.0	1.0
MYOT	0.0	-7.463984e-14	1.0	1.0
TMEM82	0.0	-6.3427846e-14	1.0	1.0
DNAH8	0.0	-1.8900217e-14	1.0	1.0
TTBK1	0.0	4.1644544e-15	1.0	1.0
AL645939.4	0.0	1.0250965e-14	1.0	1.0
PCDHB8	0.0	5.3817566e-14	1.0	1.0
KCTD16	0.0	-7.576104e-14	1.0	1.0
PPP2R2B	0.0	-1.9220558e-14	1.0	1.0
LIX1-AS1	0.0	-4.4367457e-14	1.0	1.0
ST8SIA4	0.0	-3.6519063e-14	1.0	1.0
PI16	0.0	-7.1596585e-14	1.0	1.0
AF127577.3	0.0	5.798202e-14	1.0	1.0
CYTH4	0.0	1.697816e-14	1.0	1.0
GALR3	0.0	-1.3934905e-14	1.0	1.0
AL021707.5	0.0	3.9722488e-14	1.0	1.0
ZNF683	0.0	-2.0341759e-14	1.0	1.0
AL355994.3	0.0	-4.5809e-14	1.0	1.0
PLA2G2D	0.0	2.0822272e-14	1.0	1.0
LINC01763	0.0	3.4597007e-14	1.0	1.0
LINC01781	0.0	5.830236e-14	1.0	1.0
AC104454.2	0.0	8.0406005e-14	1.0	1.0
AL356270.1	0.0	-3.1713923e-14	1.0	1.0
AL022334.2	0.0	6.406853e-14	1.0	1.0
SSTR3	0.0	-2.0982444e-14	1.0	1.0
AP001046.1	0.0	-4.725054e-14	1.0	1.0
IGLV1-40	0.0	-5.0133624e-14	1.0	1.0
AC099063.4	0.0	-9.38604e-14	1.0	1.0
C1QC	0.0	-1.9861244e-14	1.0	1.0
AL158847.1	0.0	-7.656189e-14	1.0	1.0
AL365361.1	0.0	6.8553324e-14	1.0	1.0
AL355816.1	0.0	7.784326e-14	1.0	1.0
TMIGD3	0.0	-3.0432551e-15	1.0	1.0
ADORA3	0.0	6.75923e-14	1.0	1.0
AL137856.1	0.0	4.709037e-14	1.0	1.0
IGFL3	0.0	-4.821157e-14	1.0	1.0
ADGRF5	0.0	6.663127e-14	1.0	1.0
AC098679.1	0.0	-4.484797e-15	1.0	1.0
AC078850.2	0.0	-3.764026e-14	1.0	1.0
GJA5	0.0	-3.283512e-14	1.0	1.0
FCGR1A	0.0	-7.015504e-14	1.0	1.0
CASQ2	0.0	-3.3475806e-14	1.0	1.0
NHLH2	0.0	-5.205568e-14	1.0	1.0
AL592494.3	0.0	-8.280858e-14	1.0	1.0
CD40LG	0.0	-6.438887e-14	1.0	1.0
LINC02433	0.0	3.9402147e-14	1.0	1.0
TRGV10	0.0	-5.3016707e-14	1.0	1.0
TRGV9	0.0	5.4458252e-14	1.0	1.0
AC005392.1	0.0	8.9055255e-14	1.0	1.0
AD000090.1	0.0	9.610279e-14	1.0	1.0
AC107463.1	0.0	-6.3267676e-14	1.0	1.0
AC116563.1	0.0	-1.5536619e-14	1.0	1.0
AC139720.1	0.0	1.0250965e-14	1.0	1.0
FP700111.1	0.0	-5.1575165e-14	1.0	1.0
LINC02428	0.0	1.2493363e-14	1.0	1.0
PNMA8C	0.0	7.335847e-14	1.0	1.0
GNG8	0.0	-8.1687375e-15	1.0	1.0
AC005392.2	0.0	-4.1484374e-14	1.0	1.0
APOC2	0.0	9.930622e-15	1.0	1.0
CYP2A7	0.0	-1.5056104e-14	1.0	1.0
CYP2F1	0.0	6.2466816e-14	1.0	1.0
AC243960.1	0.0	-6.038459e-14	1.0	1.0
AC110813.1	0.0	4.3886942e-14	1.0	1.0
NR0B1	0.0	-6.9514354e-14	1.0	1.0
CXorf21	0.0	-7.0955896e-14	1.0	1.0
AC109361.2	0.0	3.2034265e-15	1.0	1.0
TRPC3	0.0	3.748009e-14	1.0	1.0
IL2	0.0	2.5627412e-15	1.0	1.0
IL21	0.0	-4.5809e-14	1.0	1.0
IL21-AS1	0.0	-1.1692506e-14	1.0	1.0
SPANXB1	0.0	7.367881e-15	1.0	1.0
CXorf36	0.0	8.809423e-14	1.0	1.0
ERAS	0.0	-8.9535774e-14	1.0	1.0
CSAG3	0.0	2.883084e-14	1.0	1.0
PNMA5	0.0	-1.3454392e-14	1.0	1.0
MAGEA1	0.0	-9.0977315e-14	1.0	1.0
AVPR2	0.0	7.688223e-15	1.0	1.0
HCFC1-AS1	0.0	3.2034264e-14	1.0	1.0
TKTL1	0.0	-9.0817145e-14	1.0	1.0
PPP1R2C	0.0	-2.8190153e-14	1.0	1.0
SLITRK2	0.0	4.5168313e-14	1.0	1.0
RTL9	0.0	7.1436414e-14	1.0	1.0
IL13RA2	0.0	-1.3934905e-14	1.0	1.0
RHOXF1	0.0	-5.2536195e-14	1.0	1.0
SH2D1A	0.0	-5.782185e-14	1.0	1.0
AL034397.3	0.0	1.5376447e-14	1.0	1.0
LINC01281	0.0	-6.1185445e-14	1.0	1.0
VEGFD	0.0	6.1505786e-14	1.0	1.0
LINC01287	0.0	-3.0592723e-14	1.0	1.0
P2RY8	0.0	-3.5718207e-14	1.0	1.0
AC110995.1	0.0	-1.6657818e-14	1.0	1.0
LINC02154	0.0	-2.7229126e-15	1.0	1.0
LINC00996	0.0	4.3246256e-14	1.0	1.0
SASH3	0.0	-2.2263814e-14	1.0	1.0
GAGE13	0.0	2.8190153e-14	1.0	1.0
GAGE12D	0.0	-6.278716e-14	1.0	1.0
GPR34	0.0	3.9402147e-14	1.0	1.0
TRGV8	0.0	-3.9241976e-14	1.0	1.0
TRGV5	0.0	-4.484797e-15	1.0	1.0
LINC02539	0.0	0.0	1.0	1.0
AL158850.1	0.0	0.0	1.0	1.0
AL023581.1	0.0	-3.8120775e-14	1.0	1.0
AL450344.2	0.0	-4.8051396e-15	1.0	1.0
AL049548.1	0.0	-7.271778e-14	1.0	1.0
AC007349.3	0.0	7.3038126e-14	1.0	1.0
NPC1L1	0.0	3.4276662e-14	1.0	1.0
AL606970.3	0.0	-2.8029982e-14	1.0	1.0
LINC02544	0.0	3.9402147e-14	1.0	1.0
AL109910.2	0.0	-4.100386e-14	1.0	1.0
AL355297.2	0.0	-6.1505786e-14	1.0	1.0
AL035634.1	0.0	-9.0336626e-14	1.0	1.0
AL391361.2	0.0	1.8259532e-14	1.0	1.0
AL078590.2	0.0	-5.4298078e-14	1.0	1.0
GNAT3	0.0	-5.830236e-14	1.0	1.0
KHDRBS2	0.0	-5.654048e-14	1.0	1.0
AC026726.1	0.0	-3.619872e-14	1.0	1.0
LINC01949	0.0	-2.6908783e-14	1.0	1.0
TMEM244	0.0	4.9332768e-14	1.0	1.0
SCML4	0.0	-6.9674525e-14	1.0	1.0
AL390208.1	0.0	1.0250965e-14	1.0	1.0
METTL24	0.0	-8.9055255e-14	1.0	1.0
AC006033.2	0.0	1.3134049e-14	1.0	1.0
TRAPPC3L	0.0	-9.129766e-15	1.0	1.0
AL391807.1	0.0	-5.942356e-14	1.0	1.0
COL19A1	0.0	0.0	1.0	1.0
AC073115.1	0.0	7.367881e-15	1.0	1.0
VWC2	0.0	-9.1297656e-14	1.0	1.0
AC020743.1	0.0	-4.3086086e-14	1.0	1.0
VSTM2A	0.0	-9.257903e-14	1.0	1.0
SEPT14	0.0	-7.640172e-14	1.0	1.0
COL10A1	0.0	-3.3475806e-14	1.0	1.0
NYAP1	0.0	2.8190153e-14	1.0	1.0
AC105446.1	0.0	-2.530707e-14	1.0	1.0
AC007384.1	0.0	-8.9856115e-14	1.0	1.0
TRBV5-1	0.0	5.2856536e-14	1.0	1.0
TRBV6-2	0.0	-4.709037e-14	1.0	1.0
TRBV9	0.0	5.061414e-14	1.0	1.0
TRBV14	0.0	1.7618846e-14	1.0	1.0
CARD11	0.0	1.2813706e-14	1.0	1.0
TRBV21-1	0.0	5.1254823e-15	1.0	1.0
TRBV28	0.0	-7.0475384e-14	1.0	1.0
TRBV29-1	0.0	-3.507752e-14	1.0	1.0
TRGV4	0.0	5.4458252e-14	1.0	1.0
TRGV3	0.0	-2.2103643e-14	1.0	1.0
TRGV2	0.0	-3.6038548e-14	1.0	1.0
INMT	0.0	8.521114e-14	1.0	1.0
AOAH	0.0	-3.9241976e-14	1.0	1.0
TRBV20-1	0.0	5.445825e-15	1.0	1.0
OCM	0.0	-9.289937e-15	1.0	1.0
DGKB	0.0	-2.2263814e-14	1.0	1.0
MACC1-AS1	0.0	-2.1623128e-14	1.0	1.0
JAZF1-AS1	0.0	1.2493363e-14	1.0	1.0
AL121935.1	0.0	-7.8003434e-14	1.0	1.0
KIF25-AS1	0.0	-8.9055255e-14	1.0	1.0
LINC02577	0.0	3.9722488e-14	1.0	1.0
TRBV3-1	0.0	3.6519063e-14	1.0	1.0
AC021151.1	0.0	9.354005e-14	1.0	1.0
GALNTL6	0.0	-3.892163e-14	1.0	1.0
GLRA3	0.0	8.9055255e-14	1.0	1.0
LINC02273	0.0	-4.1324203e-14	1.0	1.0
GRIA2	0.0	-1.681799e-14	1.0	1.0
ANKRD7	0.0	-2.3224842e-14	1.0	1.0
GRM8	0.0	2.2103643e-14	1.0	1.0
AC073934.1	0.0	-3.363598e-14	1.0	1.0
PVRIG	0.0	-5.6059964e-14	1.0	1.0
IL21R-AS1	0.0	5.3817566e-14	1.0	1.0
U91319.1	0.0	5.798202e-14	1.0	1.0
AC109446.3	0.0	9.7704505e-14	1.0	1.0
AC130456.3	0.0	5.4458252e-14	1.0	1.0
ACSM2B	0.0	-7.512035e-14	1.0	1.0
AC015574.1	0.0	9.0977315e-14	1.0	1.0
PSTPIP1	0.0	9.0016285e-14	1.0	1.0
FAM19A1	0.0	7.399915e-14	1.0	1.0
IL16	0.0	-2.0341759e-14	1.0	1.0
TMC3	0.0	-3.1874094e-14	1.0	1.0
CD19	0.0	-9.9466395e-14	1.0	1.0
AC009093.1	0.0	-5.958373e-14	1.0	1.0
AC012645.3	0.0	8.841457e-14	1.0	1.0
AC015660.2	0.0	2.530707e-14	1.0	1.0
LINC00235	0.0	6.887367e-14	1.0	1.0
PRR25	0.0	4.4847972e-14	1.0	1.0
AC068870.1	0.0	-2.4986727e-14	1.0	1.0
AC025917.1	0.0	5.061414e-14	1.0	1.0
ONECUT1	0.0	-2.0181587e-14	1.0	1.0
ACTC1	0.0	-3.267495e-14	1.0	1.0
AC116158.1	0.0	1.4735763e-14	1.0	1.0
C15orf54	0.0	-2.6908783e-14	1.0	1.0
AC020658.2	0.0	8.9695944e-14	1.0	1.0
CACNA1G-AS1	0.0	-1.8740045e-14	1.0	1.0
IL21R	0.0	-9.9946906e-14	1.0	1.0
IGHV1-3	0.0	6.791264e-14	1.0	1.0
IGHV4-4	0.0	-3.988266e-14	1.0	1.0
IGHV2-5	0.0	-2.5146899e-14	1.0	1.0
AQP9	0.0	-3.8120775e-14	1.0	1.0
AC013553.3	0.0	-4.372677e-14	1.0	1.0
AC012435.2	0.0	3.9402147e-14	1.0	1.0
AC092119.3	0.0	1.6017133e-15	1.0	1.0
PRKCB	0.0	5.1575165e-14	1.0	1.0
AC003070.2	0.0	8.296875e-14	1.0	1.0
AC092118.1	0.0	-9.289937e-14	1.0	1.0
LINC02126	0.0	-7.528052e-14	1.0	1.0
LINC00922	0.0	7.1756755e-14	1.0	1.0
AC104699.1	0.0	3.4597007e-14	1.0	1.0
NLRP3	0.0	-3.748009e-14	1.0	1.0
GCSAML	0.0	4.0042832e-14	1.0	1.0
AC093390.2	0.0	-4.484797e-15	1.0	1.0
AC009041.1	0.0	5.061414e-14	1.0	1.0
LINC01736	0.0	-3.1073238e-14	1.0	1.0
RYR2	0.0	6.567024e-14	1.0	1.0
AL359924.1	0.0	-3.4597007e-14	1.0	1.0
OTOF	0.0	-2.8190153e-14	1.0	1.0
AC006369.1	0.0	-9.289937e-15	1.0	1.0
AC074366.1	0.0	-4.3086086e-14	1.0	1.0
AC083949.1	0.0	7.399915e-14	1.0	1.0
NRIR	0.0	-6.823298e-14	1.0	1.0
LINC01249	0.0	7.528052e-14	1.0	1.0
AC120498.8	0.0	-5.6220135e-14	1.0	1.0
AC048382.5	0.0	5.2856536e-14	1.0	1.0
AC021422.1	0.0	6.2146475e-14	1.0	1.0
AC104260.1	0.0	-3.6679234e-14	1.0	1.0
TLX2	0.0	5.958373e-14	1.0	1.0
SFTPB	0.0	2.2103643e-14	1.0	1.0
TMEM247	0.0	4.3886942e-14	1.0	1.0
ADGRG3	0.0	3.8441116e-15	1.0	1.0
AC012368.2	0.0	6.727196e-14	1.0	1.0
AC120498.6	0.0	3.6839404e-14	1.0	1.0
AL031600.3	0.0	9.9626565e-14	1.0	1.0
AC108134.3	0.0	5.2856536e-14	1.0	1.0
AL359551.1	0.0	-5.2856537e-15	1.0	1.0
DPEP2	0.0	-4.6770025e-14	1.0	1.0
AC010547.4	0.0	-5.4458252e-14	1.0	1.0
HCCAT5	0.0	3.619872e-14	1.0	1.0
LINC01185	0.0	2.530707e-14	1.0	1.0
LINC02325	0.0	6.9514354e-14	1.0	1.0
AL357093.2	0.0	-8.841457e-14	1.0	1.0
FOXN3-AS2	0.0	9.8665535e-14	1.0	1.0
FAM181A	0.0	3.2034265e-16	1.0	1.0
CA4	0.0	7.271778e-14	1.0	1.0
C17orf64	0.0	5.926339e-14	1.0	1.0
LINC02086	0.0	9.610279e-14	1.0	1.0
CYP19A1	0.0	1.2493363e-14	1.0	1.0
GNGT2	0.0	5.4137908e-14	1.0	1.0
ABI3	0.0	4.6449684e-14	1.0	1.0
SGCA	0.0	-3.9402147e-14	1.0	1.0
AC004707.1	0.0	9.7384164e-14	1.0	1.0
FCGR3A	0.0	-8.0085663e-16	1.0	1.0
FCGR3B	0.0	6.567024e-14	1.0	1.0
FCRLA	0.0	8.425012e-14	1.0	1.0
WFIKKN2	0.0	3.748009e-14	1.0	1.0
GIP	0.0	-1.2813706e-15	1.0	1.0
IGHV4-61	0.0	5.3497222e-14	1.0	1.0
IGHV3-64	0.0	-4.5648828e-14	1.0	1.0
IGHV1-24	0.0	-4.709037e-14	1.0	1.0
IGHV2-26	0.0	-6.887367e-14	1.0	1.0
IGHV3-30	0.0	-3.4436836e-14	1.0	1.0
IGHV4-31	0.0	5.093448e-14	1.0	1.0
SERPINA9	0.0	1.8259532e-14	1.0	1.0
TCL1A	0.0	-6.631093e-14	1.0	1.0
AC008050.1	0.0	-8.8895085e-14	1.0	1.0
ISM2	0.0	2.4666384e-14	1.0	1.0
LINC02328	0.0	9.418074e-14	1.0	1.0
IGHV3-48	0.0	-1.697816e-14	1.0	1.0
IGHV3-49	0.0	5.9904074e-14	1.0	1.0
IGHV5-51	0.0	-9.658331e-14	1.0	1.0
AL928654.2	0.0	-3.235461e-14	1.0	1.0
IGHE	0.0	2.3064672e-14	1.0	1.0
AF111167.1	0.0	0.0	1.0	1.0
IGKV2-30	0.0	3.523769e-15	1.0	1.0
IGKV4-1	0.0	1.1532336e-14	1.0	1.0
IGKV1-5	0.0	-5.3657393e-14	1.0	1.0
IGKV1-6	0.0	-6.903384e-14	1.0	1.0
IGKV1-12	0.0	4.741071e-14	1.0	1.0
IGKV3-15	0.0	1.2813706e-14	1.0	1.0
CD207	0.0	6.727196e-15	1.0	1.0
AC005920.1	0.0	-3.4597007e-14	1.0	1.0
IGHV3-66	0.0	5.573962e-14	1.0	1.0
IGHV1-69	0.0	-6.3267676e-14	1.0	1.0
CHRNA7	0.0	-8.553149e-14	1.0	1.0
IGKV1-16	0.0	-4.100386e-14	1.0	1.0
IGKV1-17	0.0	4.35666e-14	1.0	1.0
IGKV6-21	0.0	4.3246256e-14	1.0	1.0
IGKV2-24	0.0	5.573962e-14	1.0	1.0
HDC	0.0	-1.7618845e-15	1.0	1.0
AC090510.3	0.0	-1.6177304e-14	1.0	1.0
AC005920.3	0.0	3.2034264e-14	1.0	1.0
AC004687.1	0.0	1.2493363e-14	1.0	1.0
OLFML2B	0.0	-4.6609855e-14	1.0	1.0
SH2D1B	0.0	5.4458252e-14	1.0	1.0
LINC01675	0.0	5.221585e-14	1.0	1.0
GPA33	0.0	9.193834e-14	1.0	1.0
AL359962.2	0.0	-2.2263814e-14	1.0	1.0
CD244	0.0	7.335847e-14	1.0	1.0
IGKV1-27	0.0	-7.415932e-14	1.0	1.0
IGHV1-18	0.0	-3.523769e-15	1.0	1.0
IGHV3-20	0.0	8.9375596e-14	1.0	1.0
IGHV3-21	0.0	-7.127624e-14	1.0	1.0
IGHV3-23	0.0	6.054476e-14	1.0	1.0
IGHD	0.0	-9.9786736e-14	1.0	1.0
FAM30A	0.0	-2.3865528e-14	1.0	1.0
XCL1	0.0	9.1297656e-14	1.0	1.0
MYOC	0.0	2.050193e-14	1.0	1.0
ITLN1	0.0	-9.0336626e-14	1.0	1.0
IGLV3-19	0.0	3.9081802e-14	1.0	1.0
CCL11	0.0	9.546211e-14	1.0	1.0
CCL13	0.0	8.425012e-14	1.0	1.0
UNC45B	0.0	0.0	1.0	1.0
AC024267.6	0.0	6.791264e-14	1.0	1.0
OMG	0.0	4.0363173e-14	1.0	1.0
AC104024.1	0.0	-6.3267676e-14	1.0	1.0
MIR3681HG	0.0	-5.910322e-14	1.0	1.0
GRAPL	0.0	-4.5648828e-14	1.0	1.0
AL136987.1	0.0	6.0865104e-14	1.0	1.0
B3GALT2	0.0	-1.0411136e-14	1.0	1.0
CFHR1	0.0	8.745354e-14	1.0	1.0
AL157402.1	0.0	-5.317688e-14	1.0	1.0
AL157402.2	0.0	1.3454392e-14	1.0	1.0
AC104461.1	0.0	5.86227e-14	1.0	1.0
SPACA3	0.0	2.4986727e-14	1.0	1.0
AC007952.7	0.0	6.0865104e-14	1.0	1.0
AC087392.1	0.0	-3.9241976e-14	1.0	1.0
TRARG1	0.0	-1.6017132e-16	1.0	1.0
IGLV2-18	0.0	-4.24454e-14	1.0	1.0
IGLV2-11	0.0	9.065697e-14	1.0	1.0
IGLV3-10	0.0	-8.360943e-14	1.0	1.0
IGLV8-61	0.0	8.841457e-14	1.0	1.0
IGLV6-57	0.0	4.5168313e-14	1.0	1.0
IGLV3-25	0.0	-9.241886e-14	1.0	1.0
IGLV1-47	0.0	3.748009e-14	1.0	1.0
IGLV1-44	0.0	8.392978e-14	1.0	1.0
AC007952.6	0.0	-2.7229126e-15	1.0	1.0
AC007952.5	0.0	4.9653112e-14	1.0	1.0
MFAP4	0.0	4.484797e-15	1.0	1.0
TMEM95	0.0	-1.441542e-15	1.0	1.0
IGLC6	0.0	-3.9402147e-14	1.0	1.0
IGLC7	0.0	-7.1116066e-14	1.0	1.0
IGLV9-49	0.0	1.5056104e-14	1.0	1.0
AP000320.1	0.0	-1.8419702e-14	1.0	1.0
AP001432.1	0.0	6.727196e-15	1.0	1.0
PCP4	0.0	5.9904074e-14	1.0	1.0
AP000962.1	0.0	-5.061414e-14	1.0	1.0
CRYBB1	0.0	1.3134049e-14	1.0	1.0
KCNE1B	0.0	3.395632e-14	1.0	1.0
IGLV3-9	0.0	-1.6017133e-15	1.0	1.0
Z82243.1	0.0	-5.5899794e-14	1.0	1.0
IGLV3-1	0.0	-8.649252e-15	1.0	1.0
IGLL5	0.0	-3.9562317e-14	1.0	1.0
Z97192.1	0.0	2.2423986e-14	1.0	1.0
MDS2	0.0	-8.9055255e-14	1.0	1.0
UTY	0.0	5.1575165e-14	1.0	1.0
Z98884.1	0.0	5.2536195e-14	1.0	1.0
IGLV7-43	0.0	-6.486939e-14	1.0	1.0
HIST1H3F	0.0	-5.686082e-14	1.0	1.0
IGLV2-8	0.0	1.05713075e-14	1.0	1.0
AL109914.1	0.0	3.6839404e-14	1.0	1.0
CCDC188	0.0	-1.37747335e-14	1.0	1.0
P2RX6	0.0	1.7298503e-14	1.0	1.0
IGLV4-69	0.0	-5.221585e-14	1.0	1.0
TTTY15	0.0	-3.411649e-14	1.0	1.0
DDX3Y	0.0	1.4095076e-14	1.0	1.0
UBASH3A	0.0	-3.3475806e-14	1.0	1.0
AL391845.1	0.0	4.1644544e-14	1.0	1.0
LINC00310	0.0	3.9402147e-14	1.0	1.0
LINC00334	0.0	3.7800434e-14	1.0	1.0
AC233755.2	0.0	-6.791264e-14	1.0	1.0
AC233755.1	0.0	5.061414e-14	1.0	1.0
TNFRSF4	0.0	1.1852678e-14	1.0	1.0
CCDC27	0.0	1.05713075e-14	1.0	1.0
PODN	0.0	1.6337475e-14	1.0	1.0
LINC01771	0.0	-9.354005e-14	1.0	1.0
AL138787.2	0.0	5.670065e-14	1.0	1.0
TSPEAR-AS1	0.0	-5.6059965e-15	1.0	1.0
HEATR9	0.0	-5.317688e-14	1.0	1.0
CCL15	0.0	5.766168e-15	1.0	1.0
CCL23	0.0	-1.3614563e-14	1.0	1.0
CCL18	0.0	-3.0432551e-15	1.0	1.0
FASLG	0.0	-6.64711e-14	1.0	1.0
GPR52	0.0	-4.4527628e-14	1.0	1.0
TNN	0.0	5.061414e-14	1.0	1.0
AC129507.2	0.0	-4.2925915e-14	1.0	1.0
KRTAP4-1	0.0	-3.251478e-14	1.0	1.0
HCRT	0.0	-7.415932e-14	1.0	1.0
AC099811.4	0.0	6.406853e-15	1.0	1.0
AC090844.3	0.0	3.2034265e-16	1.0	1.0
AC243829.4	0.0	4.4847972e-14	1.0	1.0
TBC1D3I	0.0	9.193834e-14	1.0	1.0
AC243830.1	0.0	6.470922e-14	1.0	1.0
AC243654.1	0.0	3.5558033e-14	1.0	1.0
TNR	0.0	4.0683518e-14	1.0	1.0
GDF7	0.0	9.8665535e-14	1.0	1.0
AC018742.1	0.0	3.6839404e-14	1.0	1.0
DNAH3	0.0	9.321971e-14	1.0	1.0
NPIPB3	0.0	1.569679e-14	1.0	1.0
AC026458.2	0.0	-1.4895933e-14	1.0	1.0
AC131649.1	0.0	-4.260557e-14	1.0	1.0
AC133065.1	0.0	4.6449684e-14	1.0	1.0
AHSP	0.0	-5.926339e-15	1.0	1.0
AC007601.1	0.0	-7.223727e-14	1.0	1.0
APOBEC4	0.0	-7.1436414e-14	1.0	1.0
AL031733.2	0.0	5.1575165e-14	1.0	1.0
XCL2	0.0	9.289937e-14	1.0	1.0
CARMIL2	0.0	8.649251e-14	1.0	1.0
AC007491.1	0.0	6.599059e-14	1.0	1.0
CETP	0.0	2.4025698e-14	1.0	1.0
CCL17	0.0	7.560087e-14	1.0	1.0
TNFRSF17	0.0	-9.786468e-14	1.0	1.0
AL031316.1	0.0	2.4986727e-14	1.0	1.0
SPATA45	0.0	-8.216789e-14	1.0	1.0
RNU6ATAC35P	0.0	-3.507752e-14	1.0	1.0
OR3A1	0.0	-5.654048e-14	1.0	1.0
P2RX5-TAX1BP3	0.0	1.6017133e-15	1.0	1.0
LINC02132	0.0	-1.6177304e-14	1.0	1.0
AC126696.1	0.0	3.4917348e-14	1.0	1.0
CKLF-CMTM1	0.0	-4.1644544e-14	1.0	1.0
AC135782.3	0.0	-4.9653112e-14	1.0	1.0
SCGB1C2	0.0	1.569679e-14	1.0	1.0
AC108125.1	0.0	-5.6059964e-14	1.0	1.0
SPNS3	0.0	2.4666384e-14	1.0	1.0
AC004771.1	0.0	3.235461e-14	1.0	1.0
WSCD1	0.0	9.482142e-14	1.0	1.0
TEKT1	0.0	-6.9834695e-14	1.0	1.0
CLEC10A	0.0	6.502956e-14	1.0	1.0
IL17C	0.0	-5.1254824e-14	1.0	1.0
AGRP	0.0	-7.672206e-14	1.0	1.0
AC002091.2	0.0	-2.9631696e-14	1.0	1.0
AC093484.4	0.0	-6.599059e-14	1.0	1.0
TNFRSF13B	0.0	4.9012426e-14	1.0	1.0
KRTAP1-1	0.0	2.658844e-14	1.0	1.0
KRTAP2-3	0.0	2.5627412e-15	1.0	1.0
LINC01705	0.0	2.658844e-14	1.0	1.0
PM20D1	0.0	4.9653112e-14	1.0	1.0
SLC38A8	0.0	-9.7704505e-15	1.0	1.0
CR2	0.0	-9.209851e-14	1.0	1.0
CR1	0.0	4.0363173e-14	1.0	1.0
LINC01698	0.0	-3.0913067e-14	1.0	1.0
CHIT1	0.0	8.7773884e-14	1.0	1.0
LINC02125	0.0	-3.5718207e-14	1.0	1.0
AC009159.1	0.0	-8.697303e-14	1.0	1.0
LINC01229	0.0	6.887367e-14	1.0	1.0
AC009119.2	0.0	5.1254823e-15	1.0	1.0
IL10	0.0	2.4346041e-14	1.0	1.0
LY9	0.0	-7.0475384e-14	1.0	1.0
FCRL5	0.0	-6.166596e-14	1.0	1.0
FCRL3	0.0	-4.7570885e-14	1.0	1.0
CIDEC	0.0	-4.709037e-14	1.0	1.0
WNT7A	0.0	-3.9722488e-14	1.0	1.0
LINC-ROR	0.0	4.3886942e-14	1.0	1.0
MIR122HG	0.0	-4.4367457e-14	1.0	1.0
IGHV4-59	0.0	4.228523e-14	1.0	1.0
AP001269.2	0.0	4.3886942e-14	1.0	1.0
KLHL14	0.0	-7.2877956e-14	1.0	1.0
AC012123.1	0.0	3.619872e-14	1.0	1.0
AC068506.1	0.0	8.0726346e-14	1.0	1.0
FCER1A	0.0	-4.35666e-14	1.0	1.0
SIGLEC1	0.0	-3.6038548e-14	1.0	1.0
PRND	0.0	-3.7960605e-14	1.0	1.0
AC104971.3	0.0	7.496018e-14	1.0	1.0
AC006238.1	0.0	6.887367e-14	1.0	1.0
SFRP5	0.0	-3.619872e-14	1.0	1.0
AL133387.2	0.0	-1.7298503e-14	1.0	1.0
AL358790.1	0.0	1.3454392e-14	1.0	1.0
PRLHR	0.0	-2.4666384e-14	1.0	1.0
AC087318.1	0.0	4.2925915e-14	1.0	1.0
LRMP	0.0	-2.658844e-14	1.0	1.0
C12orf71	0.0	3.715975e-14	1.0	1.0
SLAMF6	0.0	5.1254824e-14	1.0	1.0
CLRN3	0.0	-4.596917e-14	1.0	1.0
C10orf91	0.0	-9.9306224e-14	1.0	1.0
MIR202HG	0.0	8.841457e-14	1.0	1.0
PLPP4	0.0	7.463984e-14	1.0	1.0
AL160290.2	0.0	-2.530707e-14	1.0	1.0
AL157888.1	0.0	4.4207286e-14	1.0	1.0
CRP	0.0	-7.848395e-15	1.0	1.0
KCNJ10	0.0	2.7229126e-14	1.0	1.0
FOXI2	0.0	7.367881e-14	1.0	1.0
AC022081.1	0.0	-4.484797e-15	1.0	1.0
AC012150.2	0.0	-8.7773884e-14	1.0	1.0
DENND5B-AS1	0.0	4.6770025e-14	1.0	1.0
LINC02422	0.0	-4.24454e-14	1.0	1.0
ABCD2	0.0	-2.0822272e-15	1.0	1.0
LINC02426	0.0	7.9124634e-14	1.0	1.0
AC089998.1	0.0	2.8190153e-14	1.0	1.0
AC104365.3	0.0	-9.9786736e-14	1.0	1.0
CELA1	0.0	-6.903384e-14	1.0	1.0
CNTN1	0.0	5.766168e-14	1.0	1.0
PDZRN4	0.0	-6.887367e-14	1.0	1.0
AC090630.1	0.0	-4.596917e-14	1.0	1.0
DBX2	0.0	3.1073238e-14	1.0	1.0
AC008083.3	0.0	3.523769e-15	1.0	1.0
AC121338.1	0.0	5.670065e-14	1.0	1.0
AC019068.1	0.0	-4.6609855e-14	1.0	1.0
EPYC	0.0	-3.6519063e-14	1.0	1.0
SERPINB13	0.0	-2.1623128e-14	1.0	1.0
CDH19	0.0	-4.24454e-14	1.0	1.0
MRO	0.0	7.015504e-14	1.0	1.0
LINC01929	0.0	7.43195e-14	1.0	1.0
LINC01967	0.0	-6.486939e-14	1.0	1.0
XIRP1	0.0	7.047538e-15	1.0	1.0
AC087430.1	0.0	4.0683518e-14	1.0	1.0
TESPA1	0.0	8.71332e-14	1.0	1.0
AL049712.1	0.0	-5.702099e-14	1.0	1.0
AC126175.1	0.0	0.0	1.0	1.0
LINC02397	0.0	-3.363598e-15	1.0	1.0
AC073655.1	0.0	4.4527628e-14	1.0	1.0
LINC02394	0.0	-1.457559e-14	1.0	1.0
MYF6	0.0	4.9332768e-14	1.0	1.0
AC078777.1	0.0	-1.089165e-14	1.0	1.0
IFNG-AS1	0.0	3.2034265e-16	1.0	1.0
SIRPG-AS1	0.0	-9.434091e-14	1.0	1.0
OR8D4	0.0	4.4847972e-14	1.0	1.0
OR8A1	0.0	-5.86227e-14	1.0	1.0
TRAT1	0.0	-5.926339e-15	1.0	1.0
DPPA4	0.0	-3.0592723e-14	1.0	1.0
ZBED2	0.0	4.484797e-15	1.0	1.0
COX4I2	0.0	-5.9743904e-14	1.0	1.0
FOXS1	0.0	-5.2856537e-15	1.0	1.0
ARHGAP19-SLIT1	0.0	1.8900217e-14	1.0	1.0
AC010997.3	0.0	-3.4597007e-14	1.0	1.0
TMEM72-AS1	0.0	4.3886942e-14	1.0	1.0
AC006207.1	0.0	6.9514354e-14	1.0	1.0
AC005842.1	0.0	-8.2648406e-14	1.0	1.0
AL035541.1	0.0	-1.938073e-14	1.0	1.0
C20orf85	0.0	0.0	1.0	1.0
ZNF831	0.0	3.6839404e-14	1.0	1.0
SLC32A1	0.0	7.8163604e-14	1.0	1.0
OIT3	0.0	-7.608138e-14	1.0	1.0
CD1C	0.0	-1.9220558e-15	1.0	1.0
SNTN	0.0	0.0	1.0	1.0
CCR2	0.0	7.624155e-14	1.0	1.0
AC098613.1	0.0	-6.1345616e-14	1.0	1.0
CCR5	0.0	8.617217e-14	1.0	1.0
ENTPD1	0.0	3.0432552e-14	1.0	1.0
DYDC1	0.0	7.8163604e-14	1.0	1.0
CRTAM	0.0	-8.9695944e-14	1.0	1.0
CD200R1	0.0	6.9514354e-14	1.0	1.0
AP001172.1	0.0	-6.3427846e-14	1.0	1.0
PROK2	0.0	-3.2995294e-14	1.0	1.0
PDZRN3-AS1	0.0	-7.335847e-14	1.0	1.0
LINC02050	0.0	-2.6428268e-14	1.0	1.0
STAB1	0.0	8.71332e-14	1.0	1.0
ITIH3	0.0	5.1254824e-14	1.0	1.0
AP000977.1	0.0	-5.2856536e-14	1.0	1.0
BTLA	0.0	-9.129766e-15	1.0	1.0
PZP	0.0	2.0822272e-14	1.0	1.0
CX3CR1	0.0	7.688223e-14	1.0	1.0
CCR8	0.0	1.6017132e-14	1.0	1.0
AC099669.1	0.0	-5.445825e-15	1.0	1.0
CLEC3B	0.0	-8.1206865e-14	1.0	1.0
CXCR6	0.0	3.0752893e-14	1.0	1.0
CCR1	0.0	-3.363598e-14	1.0	1.0
PPP1R16B	0.0	-2.9471525e-14	1.0	1.0
KLRC1	0.0	9.610279e-16	1.0	1.0
LINC02446	0.0	-2.0662102e-14	1.0	1.0
KLRK1	0.0	-2.2103643e-14	1.0	1.0
SLC2A14	0.0	-1.7298503e-14	1.0	1.0
C3AR1	0.0	9.8665535e-14	1.0	1.0
AC092111.2	0.0	-7.1916926e-14	1.0	1.0
AICDA	0.0	2.4986727e-14	1.0	1.0
AC092490.1	0.0	-3.7800434e-14	1.0	1.0
LINC02084	0.0	-3.6999575e-14	1.0	1.0
AL133227.1	0.0	5.894305e-14	1.0	1.0
OCSTAMP	0.0	2.4666384e-14	1.0	1.0
LINC00028	0.0	-8.48908e-15	1.0	1.0
SPRR2D	0.0	-1.9540901e-14	1.0	1.0
SPRR2A	0.0	5.093448e-14	1.0	1.0
SPRR2E	0.0	-3.1233408e-14	1.0	1.0
SPRR2G	0.0	1.3454392e-14	1.0	1.0
PRR9	0.0	-1.2813706e-15	1.0	1.0
SPRR3	0.0	-1.8579874e-14	1.0	1.0
AL391097.1	0.0	9.7704505e-14	1.0	1.0
CBLN4	0.0	6.0224415e-14	1.0	1.0
CD1E	0.0	-1.2012849e-14	1.0	1.0
SPTA1	0.0	-2.3385013e-14	1.0	1.0
S100A12	0.0	-5.205568e-14	1.0	1.0
PKLR	0.0	-8.0085663e-16	1.0	1.0
TTC24	0.0	0.0	1.0	1.0
HAPLN2	0.0	-9.786468e-14	1.0	1.0
LOR	0.0	-8.521114e-14	1.0	1.0
FLT1	0.0	6.9514354e-14	1.0	1.0
LINC00544	0.0	3.9081802e-14	1.0	1.0
LINC00402	0.0	9.802485e-14	1.0	1.0
GPR18	0.0	7.015504e-14	1.0	1.0
AL136964.1	0.0	-4.4687798e-14	1.0	1.0
ARHGEF7-AS2	0.0	-7.351864e-14	1.0	1.0
AL137002.2	0.0	5.894305e-14	1.0	1.0
AC112721.2	0.0	-4.24454e-14	1.0	1.0
FAM216B	0.0	-6.502956e-14	1.0	1.0
AL589745.1	0.0	5.2536195e-14	1.0	1.0
AC012508.1	0.0	7.463984e-14	1.0	1.0
IGKV1D-39	0.0	4.0683518e-14	1.0	1.0
IGKV3D-20	0.0	-5.8782874e-14	1.0	1.0
IGKV3D-15	0.0	-7.544069e-14	1.0	1.0
IGKV3D-11	0.0	-5.3016707e-14	1.0	1.0
AC013270.1	0.0	-4.6129343e-14	1.0	1.0
GRTP1-AS1	0.0	-1.7458674e-14	1.0	1.0
CLEC14A	0.0	-9.129766e-15	1.0	1.0
LINC00519	0.0	-4.4847972e-14	1.0	1.0
TRAV25	0.0	-8.9055255e-14	1.0	1.0
LINC00384	0.0	6.599059e-14	1.0	1.0
GNG2	0.0	7.047538e-15	1.0	1.0
NID2	0.0	-3.0913067e-14	1.0	1.0
PTGDR	0.0	3.5878378e-14	1.0	1.0
LINC00412	0.0	-6.8553324e-14	1.0	1.0
AL391261.2	0.0	9.610279e-16	1.0	1.0
CCDC196	0.0	-7.736275e-14	1.0	1.0
SLC8A3	0.0	7.752292e-14	1.0	1.0
LINC00563	0.0	8.9695944e-14	1.0	1.0
CNMD	0.0	-8.745354e-14	1.0	1.0
PCDH17	0.0	-3.235461e-14	1.0	1.0
PCDH9-AS1	0.0	-9.0977315e-14	1.0	1.0
AL445985.1	0.0	9.289937e-15	1.0	1.0
AL157911.1	0.0	-7.864412e-14	1.0	1.0
TRAV36DV7	0.0	1.1532336e-14	1.0	1.0
TRDC	0.0	-7.0795725e-14	1.0	1.0
AC243965.1	0.0	3.6839404e-14	1.0	1.0
PRMT5-AS1	0.0	1.441542e-14	1.0	1.0
TRAV6	0.0	-1.5216276e-14	1.0	1.0
TRAV8-2	0.0	-9.6262963e-14	1.0	1.0
TRAV12-2	0.0	7.367881e-14	1.0	1.0
CNNM3-DT	0.0	-2.0341759e-14	1.0	1.0
IGHV4-34	0.0	-6.775247e-14	1.0	1.0
IGHV4-39	0.0	5.766168e-14	1.0	1.0
IGHV3-43	0.0	3.6519063e-14	1.0	1.0
IGHV5-10-1	0.0	-1.3454392e-14	1.0	1.0
IGHV3-11	0.0	3.5878378e-14	1.0	1.0
IGHV3-13	0.0	-2.8510495e-14	1.0	1.0
IGHV3-15	0.0	4.6449684e-14	1.0	1.0
IGHV3-53	0.0	1.9220558e-15	1.0	1.0
IGHV3-33	0.0	-8.200772e-14	1.0	1.0
LINC00677	0.0	3.4276662e-14	1.0	1.0
CHRNA1	0.0	6.502956e-14	1.0	1.0
LINC01854	0.0	-1.3454392e-14	1.0	1.0
MAP3K19	0.0	-2.7389297e-14	1.0	1.0
AC009299.3	0.0	9.7384164e-14	1.0	1.0
IL18RAP	0.0	-6.454905e-14	1.0	1.0
LINC01102	0.0	4.3886942e-14	1.0	1.0
PGM5P4-AS1	0.0	3.395632e-14	1.0	1.0
TRAV27	0.0	5.2856536e-14	1.0	1.0
TRAV8-4	0.0	-4.6770025e-14	1.0	1.0
TRAV14DV4	0.0	6.75923e-14	1.0	1.0
TRAV12-3	0.0	-5.3016707e-14	1.0	1.0
TRAV17	0.0	-1.697816e-14	1.0	1.0
SLC4A10	0.0	-4.2925915e-14	1.0	1.0
SLC38A11	0.0	-2.1142615e-14	1.0	1.0
SCN3A	0.0	-2.8190153e-14	1.0	1.0
SCN7A	0.0	-5.3977737e-14	1.0	1.0
AC104653.2	0.0	4.4207286e-14	1.0	1.0
DIRC1	0.0	9.8665535e-14	1.0	1.0
RIMBP2	0.0	3.0112208e-14	1.0	1.0
AC137590.2	0.0	5.6059964e-14	1.0	1.0
LINC00539	0.0	7.528052e-14	1.0	1.0
FAM124B	0.0	-8.0085663e-16	1.0	1.0
LINC01857	0.0	2.9791867e-14	1.0	1.0
LINC01280	0.0	-7.383898e-14	1.0	1.0
SFTA3	0.0	2.9791867e-14	1.0	1.0
WNT10A	0.0	1.1532336e-14	1.0	1.0
AC013264.1	0.0	5.317688e-14	1.0	1.0
CD28	0.0	7.239744e-14	1.0	1.0
OR6C6	0.0	-3.876146e-14	1.0	1.0
APOF	0.0	-4.196489e-14	1.0	1.0
ARHGAP9	0.0	-5.221585e-14	1.0	1.0
LINC00608	0.0	-3.5237692e-14	1.0	1.0
CRYBA2	0.0	-2.1462958e-14	1.0	1.0
CXCR2	0.0	1.6017133e-15	1.0	1.0
OTOS	0.0	-7.576104e-14	1.0	1.0
PDCD1	0.0	4.5168313e-14	1.0	1.0
KRT72	0.0	-4.6609855e-14	1.0	1.0
KRT1	0.0	5.6059964e-14	1.0	1.0
AC023794.3	0.0	3.9722488e-14	1.0	1.0
AC125616.1	0.0	-5.766168e-15	1.0	1.0
AC069209.1	0.0	-2.4986727e-14	1.0	1.0
AC017101.1	0.0	6.887367e-14	1.0	1.0
AC007569.1	0.0	4.0683518e-14	1.0	1.0
LINC01405	0.0	-1.2653535e-14	1.0	1.0
RPH3A	0.0	6.75923e-14	1.0	1.0
CFAP73	0.0	6.9834695e-14	1.0	1.0
SDS	0.0	1.1852678e-14	1.0	1.0
ICOS	0.0	6.0865104e-14	1.0	1.0
ADAM23	0.0	-8.0085663e-16	1.0	1.0
ITGA4	0.0	-1.681799e-14	1.0	1.0
IL31	0.0	5.1254823e-15	1.0	1.0
ADCYAP1	0.0	9.0336626e-14	1.0	1.0
AP000919.3	0.0	-2.9791867e-14	1.0	1.0
RNF157-AS1	0.0	4.4847972e-14	1.0	1.0
AC111182.1	0.0	9.930622e-15	1.0	1.0
SPIC	0.0	-8.0085663e-16	1.0	1.0
PMCH	0.0	4.5168313e-14	1.0	1.0
TBX21	0.0	-3.4597007e-14	1.0	1.0
TUBA4B	0.0	3.363598e-14	1.0	1.0
AC103702.2	0.0	-6.9834695e-14	1.0	1.0
SOST	0.0	0.0	1.0	1.0
CD300LG	0.0	2.5627412e-14	1.0	1.0
AC007993.3	0.0	8.48908e-14	1.0	1.0
AC004817.3	0.0	4.4847972e-14	1.0	1.0
CMA1	0.0	-8.441029e-14	1.0	1.0
CTSG	0.0	3.6839404e-14	1.0	1.0
INSM2	0.0	-6.887367e-14	1.0	1.0
HOXB-AS3	0.0	-6.390836e-14	1.0	1.0
DES	0.0	-2.7389297e-14	1.0	1.0
SIRPG	0.0	-2.8350325e-14	1.0	1.0
ASCL1	0.0	-7.1916926e-14	1.0	1.0
C12orf42	0.0	-9.1137486e-14	1.0	1.0
AC012555.2	0.0	6.1505786e-14	1.0	1.0
AC079385.2	0.0	-4.1484374e-14	1.0	1.0
CFAP97D2	0.0	4.741071e-14	1.0	1.0
TRAV4	0.0	-4.9653112e-14	1.0	1.0
AP005530.1	0.0	-5.061414e-14	1.0	1.0
LINC01028	0.0	-9.7704505e-15	1.0	1.0
DNAI2	0.0	3.4276662e-14	1.0	1.0
CD300E	0.0	-3.6839404e-14	1.0	1.0
AC005884.1	0.0	9.065697e-14	1.0	1.0
EFCAB3	0.0	-4.324626e-15	1.0	1.0
AC068512.1	0.0	2.0822272e-14	1.0	1.0
KCNH6	0.0	3.139358e-14	1.0	1.0
GCGR	0.0	-3.635889e-14	1.0	1.0
LINC01973	0.0	4.35666e-14	1.0	1.0
WFDC1	-0.012065092	0.37070873	0.99037368268634	1.0
AC108451.1	-0.0121661965	0.434764	0.9902930191862359	1.0
AC024651.1	-0.0121661965	0.43455943	0.9902930191862359	1.0
AL031717.1	-0.0121661965	0.3576281	0.9902930191862359	1.0
PRKCQ	-0.0121661965	0.18268798	0.9902930191862359	1.0
AL022344.2	-0.0121661965	0.27728567	0.9902930191862359	1.0
HASPIN	-0.0121661965	0.18128689	0.9902930191862359	1.0
PYDC1	-0.0121661965	0.003966224	0.9902930191862359	1.0
AC136944.1	-0.0121661965	0.3920774	0.9902930191862359	1.0
HVCN1	-0.0121661965	0.11404162	0.9902930191862359	1.0
AC007333.2	-0.0121661965	0.43455943	0.9902930191862359	1.0
AC009159.3	-0.0121661965	0.39160016	0.9902930191862359	1.0
SNAI3	-0.0121661965	0.18062936	0.9902930191862359	1.0
APLNR	-0.0121661965	0.21756767	0.9902930191862359	1.0
SLCO2A1	-0.0121661965	0.102928616	0.9902930191862359	1.0
AC112491.1	-0.0121661965	0.29233566	0.9902930191862359	1.0
SEC62-AS1	-0.0121661965	0.28547618	0.9902930191862359	1.0
CBLN1	-0.0121661965	0.18904199	0.9902930191862359	1.0
ATOH7	-0.0121661965	0.22659458	0.9902930191862359	1.0
AC022540.1	-0.0121661965	0.24339375	0.9902930191862359	1.0
NUTM2E	-0.0121661965	0.49608508	0.9902930191862359	1.0
AL136982.7	-0.0121661965	0.13445292	0.9902930191862359	1.0
CH25H	-0.0121661965	0.15787043	0.9902930191862359	1.0
PIK3AP1	-0.0121661965	0.12782672	0.9902930191862359	1.0
AQP8	-0.0121661965	0.22176272	0.9902930191862359	1.0
CARNS1	-0.0121661965	0.17725503	0.9902930191862359	1.0
TRABD2A	-0.0121661965	0.13747919	0.9902930191862359	1.0
AP002770.1	-0.0121661965	0.39086798	0.9902930191862359	1.0
GCSAM	-0.0121661965	0.23063995	0.9902930191862359	1.0
AP003393.1	-0.0121661965	0.3783834	0.9902930191862359	1.0
IL2RA	-0.0121661965	0.2078586	0.9902930191862359	1.0
CDHR4	-0.0121661965	0.19964857	0.9902930191862359	1.0
SCAANT1	-0.0121661965	0.33777	0.9902930191862359	1.0
LINC01118	-0.0121661965	0.0845282	0.9902930191862359	1.0
MEIS1-AS2	-0.0121661965	0.24386737	0.9902930191862359	1.0
SHANK2-AS3	-0.0121661965	0.23034815	0.9902930191862359	1.0
AC020763.1	-0.0121661965	0.2925208	0.9902930191862359	1.0
AC005730.2	-0.0121661965	0.43455943	0.9902930191862359	1.0
AC026254.2	-0.0121661965	0.279376	0.9902930191862359	1.0
ARL5C	-0.0121661965	0.39076832	0.9902930191862359	1.0
AC004585.1	-0.0121661965	0.12750922	0.9902930191862359	1.0
KRT31	-0.0121661965	0.25886756	0.9902930191862359	1.0
LINC00970	-0.0121661965	0.53778976	0.9902930191862359	1.0
PRG4	-0.0121661965	0.2976069	0.9902930191862359	1.0
CARD17	-0.0121661965	0.38988066	0.9902930191862359	1.0
CCL21	-0.0121661965	0.19989379	0.9902930191862359	1.0
AL158154.2	-0.0121661965	0.20027456	0.9902930191862359	1.0
PLPPR1	-0.0121661965	0.25888452	0.9902930191862359	1.0
SST	-0.0121661965	0.44075757	0.9902930191862359	1.0
AC092535.4	-0.0121661965	0.2193337	0.9902930191862359	1.0
TXK	-0.0121661965	0.12500547	0.9902930191862359	1.0
AC005358.2	-0.0121661965	0.30381733	0.9902930191862359	1.0
TRPV2	-0.0121661965	0.14963128	0.9902930191862359	1.0
AC022706.1	-0.0121661965	0.13619973	0.9902930191862359	1.0
AC093010.2	-0.0121661965	0.2129708	0.9902930191862359	1.0
ZNF80	-0.0121661965	0.5237548	0.9902930191862359	1.0
PARP15	-0.0121661965	0.21792573	0.9902930191862359	1.0
TCN1	-0.0121661965	0.016024398	0.9902930191862359	1.0
SARDH	-0.0121661965	0.10958154	0.9902930191862359	1.0
AP006621.1	-0.0121661965	0.2771976	0.9902930191862359	1.0
LYVE1	-0.0121661965	0.37977478	0.9902930191862359	1.0
AC013549.2	-0.0121661965	0.29233566	0.9902930191862359	1.0
AC106738.2	-0.0121661965	0.15791787	0.9902930191862359	1.0
CALCB	-0.0121661965	0.07921277	0.9902930191862359	1.0
AC024475.1	-0.0121661965	0.3576281	0.9902930191862359	1.0
PKD1L3	-0.0121661965	0.33160985	0.9902930191862359	1.0
ITPKB-AS1	-0.0121661965	0.19434911	0.9902930191862359	1.0
AC093426.1	-0.0121661965	0.21263042	0.9902930191862359	1.0
CHRM3-AS2	-0.0121661965	0.30561528	0.9902930191862359	1.0
AL591848.4	-0.0121661965	0.1812233	0.9902930191862359	1.0
AC141930.1	-0.0121661965	0.32028526	0.9902930191862359	1.0
AC090425.1	-0.0121661965	0.343829	0.9902930191862359	1.0
LINC02384	-0.0121661965	0.2737931	0.9902930191862359	1.0
TPH2	-0.0121661965	0.37895587	0.9902930191862359	1.0
NTS	-0.0121661965	0.18821928	0.9902930191862359	1.0
C12orf74	-0.0121661965	0.46243024	0.9902930191862359	1.0
CATIP	-0.0121661965	0.17667805	0.9902930191862359	1.0
AL451062.3	-0.0121661965	0.37314695	0.9902930191862359	1.0
AC104170.2	-0.0121661965	0.29236463	0.9902930191862359	1.0
IGLV1-51	-0.0121661965	0.22706276	0.9902930191862359	1.0
AC107029.2	-0.0121661965	0.19094637	0.9902930191862359	1.0
SYT10	-0.0121661965	0.16099387	0.9902930191862359	1.0
AC046130.1	-0.0121661965	0.4158906	0.9902930191862359	1.0
COL2A1	-0.0121661965	0.028437233	0.9902930191862359	1.0
LALBA	-0.0121661965	0.071244955	0.9902930191862359	1.0
AL139020.1	-0.0121661965	0.23931293	0.9902930191862359	1.0
AC060814.3	-0.0121661965	0.100578316	0.9902930191862359	1.0
GOLGA8S	-0.0121661965	0.93286455	0.9902930191862359	1.0
GREM1	-0.0121661965	0.16067001	0.9902930191862359	1.0
IGLV2-14	-0.0121661965	0.18100142	0.9902930191862359	1.0
AC073863.1	-0.0121661965	0.4963653	0.9902930191862359	1.0
TMEM233	-0.0121661965	0.24081749	0.9902930191862359	1.0
LINC00565	-0.0121661965	0.25433296	0.9902930191862359	1.0
AJ239322.1	-0.0121661965	0.2606935	0.9902930191862359	1.0
AC068492.1	-0.0121661965	0.33145726	0.9902930191862359	1.0
TRAV19	-0.0121661965	1.2638351	0.9902930191862359	1.0
AL137779.1	-0.0121661965	0.20623767	0.9902930191862359	1.0
SCG2	-0.0121661965	0.19887948	0.9902930191862359	1.0
AC023794.7	-0.0121661965	0.310574	0.9902930191862359	1.0
LINC00944	-0.0121661965	0.3568631	0.9902930191862359	1.0
LINC02418	-0.0121661965	0.66311055	0.9902930191862359	1.0
GJA3	-0.0121661965	0.31043616	0.9902930191862359	1.0
CCDC141	-0.0121661965	0.23650542	0.9902930191862359	1.0
LINC01934	-0.0121661965	0.20358983	0.9902930191862359	1.0
AL163636.1	-0.0121661965	0.32028526	0.9902930191862359	1.0
GPD1	-0.0121661965	0.103631884	0.9902930191862359	1.0
KRT75	-0.0121661965	0.14017053	0.9902930191862359	1.0
AVPR1A	-0.0121661965	0.23481548	0.9902930191862359	1.0
ABCC9	-0.0121661965	0.16641349	0.9902930191862359	1.0
PLD4	-0.0121661965	0.3027004	0.9902930191862359	1.0
IL1A	-0.0121661965	0.2553447	0.9902930191862359	1.0
MMP21	-0.0121661965	0.53778976	0.9902930191862359	1.0
CALY	-0.0121661965	0.087176755	0.9902930191862359	1.0
IFFO1	-0.0121661965	0.14843346	0.9902930191862359	1.0
AC022398.1	-0.0121661965	0.343829	0.9902930191862359	1.0
AC024600.1	-0.0121661965	0.2478653	0.9902930191862359	1.0
AC023906.5	-0.0121661965	0.41100457	0.9902930191862359	1.0
LINC02195	-0.0121661965	0.41529062	0.9902930191862359	1.0
NPIPB9	-0.0121661965	0.49608508	0.9902930191862359	1.0
AC133550.1	-0.0121661965	0.2850909	0.9902930191862359	1.0
ODF3L1	-0.0121661965	0.19389667	0.9902930191862359	1.0
FAM228A	-0.0121661965	0.21726821	0.9902930191862359	1.0
GTF3C2-AS1	-0.0121661965	0.19773546	0.9902930191862359	1.0
RMDN2-AS1	-0.0121661965	0.37877348	0.9902930191862359	1.0
OTOA	-0.0121661965	0.21790116	0.9902930191862359	1.0
AC087241.3	-0.0121661965	0.1454267	0.9902930191862359	1.0
LIPC	-0.0121661965	0.25214267	0.9902930191862359	1.0
AC108134.1	-0.0121661965	0.13643882	0.9902930191862359	1.0
LINC02580	-0.0121661965	0.23123981	0.9902930191862359	1.0
AGXT	-0.0121661965	0.10521843	0.9902930191862359	1.0
AC090948.1	-0.0121661965	0.2463736	0.9902930191862359	1.0
LINC00691	-0.0121661965	0.13974257	0.9902930191862359	1.0
CCR9	-0.0121661965	0.41100457	0.9902930191862359	1.0
KLRB1	-0.0121661965	0.048014957	0.9902930191862359	1.0
RERGL	-0.0121661965	0.13908733	0.9902930191862359	1.0
AC126323.2	-0.0121661965	0.24320751	0.9902930191862359	1.0
LINC00642	-0.0121661965	0.50265455	0.9902930191862359	1.0
AC022509.2	-0.0121661965	0.026722798	0.9902930191862359	1.0
AC024896.1	-0.0121661965	0.41100457	0.9902930191862359	1.0
ARNTL2-AS1	-0.0121661965	0.49608508	0.9902930191862359	1.0
AL137025.1	-0.0121661965	0.22279406	0.9902930191862359	1.0
BTBD16	-0.0121661965	0.28728294	0.9902930191862359	1.0
KLRC3	-0.0121661965	0.66311055	0.9902930191862359	1.0
AC091814.1	-0.0121661965	0.4139919	0.9902930191862359	1.0
LINC01841	-0.0121661965	0.53778976	0.9902930191862359	1.0
AC020911.1	-0.0121661965	0.18977006	0.9902930191862359	1.0
ONECUT3	-0.0121661965	0.19230254	0.9902930191862359	1.0
JSRP1	-0.0121661965	0.11005634	0.9902930191862359	1.0
AL356356.1	-0.0121661965	0.22684322	0.9902930191862359	1.0
RCAN2	-0.0121661965	0.15000114	0.9902930191862359	1.0
GRIK2	-0.0121661965	0.22313467	0.9902930191862359	1.0
TAGAP	-0.0121661965	0.057228938	0.9902930191862359	1.0
AC027702.1	-0.0121661965	0.12966959	0.9902930191862359	1.0
LINC02241	-0.0121661965	0.41100457	0.9902930191862359	1.0
AC008780.2	-0.0121661965	0.42411068	0.9902930191862359	1.0
S100Z	-0.0121661965	0.7123717	0.9902930191862359	1.0
FSD1	-0.0121661965	0.15478875	0.9902930191862359	1.0
C6orf222	-0.0121661965	0.93286455	0.9902930191862359	1.0
RSPO3	-0.0121661965	0.18746449	0.9902930191862359	1.0
THEMIS	-0.0121661965	0.23612088	0.9902930191862359	1.0
AL355581.1	-0.0121661965	1.2638351	0.9902930191862359	1.0
PACRG	-0.0121661965	0.09286545	0.9902930191862359	1.0
SLAMF1	-0.0121661965	0.18982476	0.9902930191862359	1.0
SLAMF7	-0.0121661965	0.16680475	0.9902930191862359	1.0
CIDEA	-0.0121661965	0.17084266	0.9902930191862359	1.0
AL117381.1	-0.0121661965	0.35762835	0.9902930191862359	1.0
SLA2	-0.0121661965	0.20224777	0.9902930191862359	1.0
LINC01271	-0.0121661965	0.20109977	0.9902930191862359	1.0
SALL4	-0.0121661965	0.1380741	0.9902930191862359	1.0
TNFAIP8L2	-0.0121661965	0.21511304	0.9902930191862359	1.0
BEST2	-0.0121661965	0.294562	0.9902930191862359	1.0
IGFL1	-0.0121661965	0.025953544	0.9902930191862359	1.0
PTGIR	-0.0121661965	0.19355951	0.9902930191862359	1.0
GSTM5	-0.0121661965	0.12145063	0.9902930191862359	1.0
PTPN22	-0.0121661965	0.1687857	0.9902930191862359	1.0
TEKT2	-0.0121661965	0.0905915	0.9902930191862359	1.0
ITGB2-AS1	-0.0121661965	0.10432817	0.9902930191862359	1.0
DENND1C	-0.0121661965	0.17594373	0.9902930191862359	1.0
SNAP25-AS1	-0.0121661965	0.41100457	0.9902930191862359	1.0
AC006213.3	-0.0121661965	0.17288922	0.9902930191862359	1.0
PTOV1-AS2	-0.0121661965	0.41100457	0.9902930191862359	1.0
ANGPTL7	-0.0121661965	0.41100457	0.9902930191862359	1.0
AC106801.1	-0.0121661965	0.7665286	0.9902930191862359	1.0
LINC01366	-0.0121661965	0.943269	0.9902930191862359	1.0
FLT4	-0.0121661965	0.15454395	0.9902930191862359	1.0
BTNL9	-0.0121661965	0.045870524	0.9902930191862359	1.0
TREM2	-0.0121661965	0.11694575	0.9902930191862359	1.0
CSF2	-0.0121661965	0.18378125	0.9902930191862359	1.0
HIST1H2BI	-0.0121661965	0.19803342	0.9902930191862359	1.0
LIN28A	-0.0121661965	0.3447053	0.9902930191862359	1.0
AL512408.1	-0.0121661965	0.17025958	0.9902930191862359	1.0
FCN3	-0.0121661965	0.18836008	0.9902930191862359	1.0
AL354919.1	-0.0121661965	0.13956465	0.9902930191862359	1.0
Z83847.1	-0.0121661965	0.23166761	0.9902930191862359	1.0
PARVG	-0.0121661965	0.11493973	0.9902930191862359	1.0
AL359643.2	-0.0121661965	0.18327396	0.9902930191862359	1.0
HIST1H4F	-0.0121661965	0.2892011	0.9902930191862359	1.0
AC008781.2	-0.0121661965	0.225025	0.9902930191862359	1.0
HIST1H3J	-0.0121661965	0.19034126	0.9902930191862359	1.0
OR2J2	-0.0121661965	0.53778976	0.9902930191862359	1.0
AC018754.1	-0.0121661965	0.343829	0.9902930191862359	1.0
LIM2	-0.0121661965	0.93286455	0.9902930191862359	1.0
FPR1	-0.0121661965	0.29593545	0.9902930191862359	1.0
IGLL1	-0.0121661965	0.2150069	0.9902930191862359	1.0
TMEM190	-0.0121661965	0.13413692	0.9902930191862359	1.0
AC003002.2	-0.0121661965	0.53778976	0.9902930191862359	1.0
AC007731.4	-0.0121661965	0.46243024	0.9902930191862359	1.0
AL121672.2	-0.0121661965	0.14219657	0.9902930191862359	1.0
AL033527.4	-0.0121661965	0.46243024	0.9902930191862359	1.0
PCDH12	-0.0121661965	0.3496716	0.9902930191862359	1.0
HAVCR2	-0.0121661965	0.15743679	0.9902930191862359	1.0
ITK	-0.0121661965	0.1424503	0.9902930191862359	1.0
HAMP	-0.0121661965	0.07521045	0.9902930191862359	1.0
KRTDAP	-0.0121661965	0.03274376	0.9902930191862359	1.0
PSG4	-0.0121661965	0.033298865	0.9902930191862359	1.0
AC012313.5	-0.0121661965	0.13685367	0.9902930191862359	1.0
CHGB	-0.0121661965	0.21878852	0.9902930191862359	1.0
C17orf82	-0.0121661965	0.13290003	0.9902930191862359	1.0
ABCA8	-0.0121661965	0.31579283	0.9902930191862359	1.0
FOXJ1	-0.0121661965	0.06727906	0.9902930191862359	1.0
SPRR1B	-0.0121661965	0.17733762	0.9902930191862359	1.0
AC087273.2	-0.0121661965	0.66311055	0.9902930191862359	1.0
DOK2	-0.0121661965	0.056795366	0.9902930191862359	1.0
OPRPN	-0.0121661965	0.0075023076	0.9902930191862359	1.0
FCRL6	-0.0121661965	0.22699203	0.9902930191862359	1.0
PPEF2	-0.0121661965	0.33145726	0.9902930191862359	1.0
AC112250.2	-0.0121661965	0.93286455	0.9902930191862359	1.0
MTTP	-0.0121661965	0.25962812	0.9902930191862359	1.0
AC087741.2	-0.0121661965	0.1802065	0.9902930191862359	1.0
PNOC	-0.0121661965	0.3106238	0.9902930191862359	1.0
MAGED4	-0.0121661965	0.41100457	0.9902930191862359	1.0
NAP1L3	-0.0121661965	0.1715652	0.9902930191862359	1.0
RAB40A	-0.0121661965	0.27043173	0.9902930191862359	1.0
PPBP	-0.0121661965	0.43455943	0.9902930191862359	1.0
AC103724.4	-0.0121661965	0.1775511	0.9902930191862359	1.0
AC083836.1	-0.0121661965	0.17733437	0.9902930191862359	1.0
HTN1	-0.0121661965	0.12081756	0.9902930191862359	1.0
FAM83A-AS1	-0.0121661965	0.24761412	0.9902930191862359	1.0
AC134682.1	-0.0121661965	0.24283113	0.9902930191862359	1.0
MLANA	-0.0121661965	0.46243024	0.9902930191862359	1.0
AL354694.1	-0.0121661965	0.26532042	0.9902930191862359	1.0
OVCA2	-0.0121661965	0.59319675	0.9902930191862359	1.0
ITGA2B	-0.0121661965	0.094321966	0.9902930191862359	1.0
AC098936.1	-0.0121661965	0.22937307	0.9902930191862359	1.0
AC244034.2	-0.0121661965	0.23508239	0.9902930191862359	1.0
AL590132.1	-0.0121661965	0.2384827	0.9902930191862359	1.0
AL445470.1	-0.0121661965	0.30085558	0.9902930191862359	1.0
AC127024.2	-0.0121661965	0.17681207	0.9902930191862359	1.0
AL358473.1	-0.0121661965	0.39076832	0.9902930191862359	1.0
AP000919.4	-0.0121661965	0.44501308	0.9902930191862359	1.0
AOC3	-0.0121661965	0.15431535	0.9902930191862359	1.0
OR3A2	-0.0121661965	0.3324913	0.9902930191862359	1.0
PNPLA1	-0.0121661965	0.2706763	0.9902930191862359	1.0
AC009275.1	-0.0121661965	0.12867235	0.9902930191862359	1.0
CLEC5A	-0.0121661965	0.24287994	0.9902930191862359	1.0
IGFBP1	-0.0121661965	0.14557463	0.9902930191862359	1.0
ADAM29	-0.0121661965	0.20870806	0.9902930191862359	1.0
MIR3945HG	-0.0121661965	0.1448078	0.9902930191862359	1.0
AC079760.2	-0.0121661965	0.7665286	0.9902930191862359	1.0
AC007566.1	-0.0121661965	0.22096153	0.9902930191862359	1.0
ZCCHC12	-0.0121661965	0.43784252	0.9902930191862359	1.0
CTCFL	-0.0121661965	0.2741638	0.9902930191862359	1.0
ZBP1	-0.0121661965	0.09647625	0.9902930191862359	1.0
FKBP6	-0.0121661965	0.16260274	0.9902930191862359	1.0
CCL26	-0.0121661965	0.21612558	0.9902930191862359	1.0
UPK3B	-0.0121661965	0.14313395	0.9902930191862359	1.0
ABCB4	-0.0121661965	0.24287143	0.9902930191862359	1.0
OPRM1	-0.0121661965	0.4107531	0.9902930191862359	1.0
PIK3CG	-0.0121661965	0.17184813	0.9902930191862359	1.0
NPTX2	-0.0121661965	0.17748082	0.9902930191862359	1.0
DCAF12L2	-0.0121661965	0.19930388	0.9902930191862359	1.0
C8orf49	-0.0121661965	0.3018699	0.9902930191862359	1.0
FGL1	-0.0121661965	0.031591307	0.9902930191862359	1.0
GFAP	-0.0121661965	0.08568973	0.9902930191862359	1.0
AC005670.2	-0.0121661965	0.23695251	0.9902930191862359	1.0
SKAP1-AS1	-0.0121661965	0.26870164	0.9902930191862359	1.0
TMEM100	-0.0121661965	0.08843534	0.9902930191862359	1.0
RGS4	-0.0121661965	0.19286339	0.9902930191862359	1.0
HLA-DQB2	-0.0121661965	0.1901362	0.9902930191862359	1.0
GIMAP4	-0.0121661965	0.09988605	0.9902930191862359	1.0
GIMAP1	-0.0121661965	0.14977023	0.9902930191862359	1.0
EGFL6	-0.0121661965	0.18704168	0.9902930191862359	1.0
PCDH10	-0.0121661965	0.13024285	0.9902930191862359	1.0
FREM3	-0.0121661965	0.46243024	0.9902930191862359	1.0
HHIP	-0.0121661965	0.21560217	0.9902930191862359	1.0
AC080188.1	-0.0121661965	0.36095643	0.9902930191862359	1.0
NCR3	-0.0121661965	0.2805307	0.9902930191862359	1.0
PRSS2	-0.0121661965	0.121244326	0.9902930191862359	1.0
APOC1	-0.012233599	0.03397946	0.9902392435745713	1.0
FGG	-0.01297503	2.6087656	0.9896477148265845	1.0
LINC01521	-0.024163885	0.1767944	0.980721884553991	1.0
GNG11	-0.024197588	0.06461151	0.9806950026073173	1.0
CCL14	-0.024332393	0.6024772	0.9805874750401479	1.0
GRM3	-0.024332393	0.46567303	0.9805874750401479	1.0
AC009950.1	-0.024332393	0.32707947	0.9805874750401479	1.0
TMEM119	-0.024332393	0.65884966	0.9805874750401479	1.0
RP1L1	-0.024332393	0.553728	0.9805874750401479	1.0
FAP	-0.024332393	0.29218915	0.9805874750401479	1.0
TUBA3E	-0.024332393	0.10493298	0.9805874750401479	1.0
TMEM273	-0.024332393	0.32644472	0.9805874750401479	1.0
LINC00426	-0.024332393	0.47883996	0.9805874750401479	1.0
AC007998.3	-0.024332393	1.4631077	0.9805874750401479	1.0
AC005332.3	-0.024332393	0.6548802	0.9805874750401479	1.0
LIVAR	-0.024332393	0.73448396	0.9805874750401479	1.0
AP005482.1	-0.024332393	0.46952212	0.9805874750401479	1.0
AC060766.4	-0.024332393	0.31711617	0.9805874750401479	1.0
AC069213.1	-0.024332393	0.5396351	0.9805874750401479	1.0
AC103724.3	-0.024332393	0.85360944	0.9805874750401479	1.0
CCL19	-0.024332393	0.24376713	0.9805874750401479	1.0
ANKUB1	-0.024332393	1.1506006	0.9805874750401479	1.0
AL033528.2	-0.024332393	0.4155573	0.9805874750401479	1.0
UTS2	-0.024332393	0.7587042	0.9805874750401479	1.0
F13A1	-0.024332393	0.4335659	0.9805874750401479	1.0
AC011476.3	-0.024332393	0.38745767	0.9805874750401479	1.0
AC012313.8	-0.024332393	0.42198226	0.9805874750401479	1.0
AC011450.1	-0.024332393	0.44846478	0.9805874750401479	1.0
AC011453.1	-0.024332393	1.0624815	0.9805874750401479	1.0
ADAM19	-0.024332393	0.24269938	0.9805874750401479	1.0
PDGFRB	-0.024332393	0.10109407	0.9805874750401479	1.0
CD177	-0.024332393	0.4570355	0.9805874750401479	1.0
CYP2A6	-0.024332393	0.15527804	0.9805874750401479	1.0
DDR1-DT	-0.024332393	0.36266688	0.9805874750401479	1.0
C4A	-0.024332393	0.20896314	0.9805874750401479	1.0
AL645941.3	-0.024332393	0.77124035	0.9805874750401479	1.0
FGA	-0.024332393	0.42214388	0.9805874750401479	1.0
C5AR1	-0.024332393	0.18521696	0.9805874750401479	1.0
TNFSF14	-0.024332393	0.24969189	0.9805874750401479	1.0
AC005954.2	-0.024332393	0.41199192	0.9805874750401479	1.0
LINC02531	-0.024332393	1.1506006	0.9805874750401479	1.0
OSM	-0.024332393	0.5048954	0.9805874750401479	1.0
GIMAP6	-0.024332393	0.39263165	0.9805874750401479	1.0
AC079305.3	-0.024332393	1.6162071	0.9805874750401479	1.0
AC096772.1	-0.024332393	0.48761937	0.9805874750401479	1.0
MSMP	-0.024332393	0.36027712	0.9805874750401479	1.0
HRCT1	-0.024332393	0.020912461	0.9805874750401479	1.0
AC005304.2	-0.024332393	0.7645127	0.9805874750401479	1.0
CLNK	-0.024332393	0.26419434	0.9805874750401479	1.0
AC020558.1	-0.024332393	0.3889478	0.9805874750401479	1.0
LINC01686	-0.024332393	0.4182822	0.9805874750401479	1.0
CCDC190	-0.024332393	0.3883036	0.9805874750401479	1.0
NYAP2	-0.024332393	0.26787195	0.9805874750401479	1.0
TOGARAM2	-0.024332393	0.46932214	0.9805874750401479	1.0
CD34	-0.024332393	0.19013613	0.9805874750401479	1.0
OR3A3	-0.024332393	0.22070754	0.9805874750401479	1.0
AC116914.2	-0.024332393	0.64518076	0.9805874750401479	1.0
CCL7	-0.024332393	0.1915874	0.9805874750401479	1.0
LAX1	-0.024332393	0.51338065	0.9805874750401479	1.0
SH2D3C	-0.024332393	0.38237223	0.9805874750401479	1.0
CDKN2B-AS1	-0.024332393	0.16277039	0.9805874750401479	1.0
ARMS2	-0.024332393	1.2622181	0.9805874750401479	1.0
SERINC4	-0.024332393	0.32857445	0.9805874750401479	1.0
AC022558.2	-0.024332393	0.64103985	0.9805874750401479	1.0
HBA2	-0.024332393	0.1686693	0.9805874750401479	1.0
AL022341.2	-0.024332393	0.2975209	0.9805874750401479	1.0
AC007743.1	-0.024332393	0.39373443	0.9805874750401479	1.0
GRIA4	-0.024332393	0.27938843	0.9805874750401479	1.0
LINC02024	-0.024332393	1.2622181	0.9805874750401479	1.0
KCNA3	-0.024332393	0.8075871	0.9805874750401479	1.0
IGSF6	-0.024332393	0.16749242	0.9805874750401479	1.0
AC018553.2	-0.024332393	0.44104752	0.9805874750401479	1.0
P2RY13	-0.024332393	0.756949	0.9805874750401479	1.0
MS4A2	-0.024332393	0.37441257	0.9805874750401479	1.0
KLRC4	-0.024332393	1.1572828	0.9805874750401479	1.0
GUCY2C	-0.024332393	0.8927195	0.9805874750401479	1.0
SLC18A2	-0.024332393	0.38683763	0.9805874750401479	1.0
AC130469.1	-0.024332393	0.71073765	0.9805874750401479	1.0
PPIAL4G	-0.024332393	0.35320377	0.9805874750401479	1.0
HIST2H2AB	-0.024332393	0.26796782	0.9805874750401479	1.0
AL450992.1	-0.024332393	0.41866735	0.9805874750401479	1.0
LINC01215	-0.024332393	0.42326418	0.9805874750401479	1.0
LINC02585	-0.024332393	0.5912376	0.9805874750401479	1.0
AC104695.2	-0.024332393	0.37358192	0.9805874750401479	1.0
SLC47A2	-0.024332393	0.46140528	0.9805874750401479	1.0
AL583856.2	-0.024332393	0.36977088	0.9805874750401479	1.0
FAM81B	-0.024332393	0.27970892	0.9805874750401479	1.0
AL009176.1	-0.024332393	0.28036004	0.9805874750401479	1.0
SLC22A1	-0.024332393	0.3381294	0.9805874750401479	1.0
AC004801.6	-0.024332393	0.45602122	0.9805874750401479	1.0
GNAT2	-0.024332393	0.7983744	0.9805874750401479	1.0
LAIR1	-0.024332393	0.19186024	0.9805874750401479	1.0
ORM2	-0.024534602	0.4639949	0.9804261843513258	1.0
LTB	-0.036228977	0.06449467	0.9710997798646255	1.0
LMOD3	-0.03626268	0.13215742	0.9710729077153357	1.0
CORO6	-0.03633008	0.41532135	0.9710191635153081	1.0
AC144831.1	-0.036498588	0.47471127	0.970884803591548	1.0
ESM1	-0.036498588	0.32972702	0.970884803591548	1.0
AC110615.1	-0.036498588	0.55014914	0.970884803591548	1.0
TCEAL7	-0.036498588	0.33028683	0.970884803591548	1.0
LINC02533	-0.036498588	0.7138291	0.970884803591548	1.0
KRTAP3-1	-0.036498588	0.4984397	0.970884803591548	1.0
AC018521.2	-0.036498588	0.4836899	0.970884803591548	1.0
NME1-NME2	-0.036498588	0.303821	0.970884803591548	1.0
LINC00106	-0.036498588	0.27998477	0.970884803591548	1.0
GIMAP5	-0.036498588	0.980932	0.970884803591548	1.0
HP	-0.036498588	0.43401295	0.970884803591548	1.0
AC009097.4	-0.036498588	3.9937923	0.970884803591548	1.0
SMCO3	-0.036498588	0.8630409	0.970884803591548	1.0
CALCRL	-0.036498588	0.37152976	0.970884803591548	1.0
GJA4	-0.036498588	0.29832444	0.970884803591548	1.0
LINC01644	-0.036498588	0.18605256	0.970884803591548	1.0
AL023803.1	-0.036498588	0.54394096	0.970884803591548	1.0
GDAP1L1	-0.036498588	1.2605098	0.970884803591548	1.0
LINC01678	-0.036498588	0.47936454	0.970884803591548	1.0
EGFR-AS1	-0.036498588	1.1604167	0.970884803591548	1.0
AL031595.2	-0.036498588	0.4184947	0.970884803591548	1.0
TGFB2-AS1	-0.036498588	0.33041042	0.970884803591548	1.0
M1AP	-0.036498588	0.40545627	0.970884803591548	1.0
AC004232.2	-0.036498588	1.1172091	0.970884803591548	1.0
AC012377.1	-0.036498588	1.0425618	0.970884803591548	1.0
BDKRB1	-0.036498588	0.36931157	0.970884803591548	1.0
ART4	-0.036498588	0.670316	0.970884803591548	1.0
AC007342.4	-0.036498588	0.3430857	0.970884803591548	1.0
AL512791.2	-0.036498588	0.53393346	0.970884803591548	1.0
KLHL10	-0.036498588	0.46464008	0.970884803591548	1.0
EVI2A	-0.036498588	0.4720878	0.970884803591548	1.0
C9orf41-AS1	-0.036498588	0.65751547	0.970884803591548	1.0
AC099066.2	-0.036498588	1.0473915	0.970884803591548	1.0
P2RX5	-0.036498588	0.41863236	0.970884803591548	1.0
NCKAP1L	-0.036498588	0.46301705	0.970884803591548	1.0
AL049780.2	-0.036498588	0.38904864	0.970884803591548	1.0
SCN4B	-0.036498588	0.5854977	0.970884803591548	1.0
AC009093.2	-0.036498588	1.4071413	0.970884803591548	1.0
OR1I1	-0.036498588	0.55222994	0.970884803591548	1.0
AC016957.2	-0.036498588	0.3160928	0.970884803591548	1.0
OR11G2	-0.036498588	0.42435738	0.970884803591548	1.0
LINC00460	-0.036498588	0.5005464	0.970884803591548	1.0
AL136295.6	-0.036498588	0.38968426	0.970884803591548	1.0
POTEJ	-0.036498588	0.68964607	0.970884803591548	1.0
SFRP4	-0.036498588	0.18046083	0.970884803591548	1.0
GSTA1	-0.036498588	0.022256734	0.970884803591548	1.0
AC012313.9	-0.036498588	0.47044635	0.970884803591548	1.0
AC020656.2	-0.036498588	0.75127816	0.970884803591548	1.0
LILRB5	-0.036498588	0.7611374	0.970884803591548	1.0
VCAN	-0.036498588	0.015122618	0.970884803591548	1.0
DNASE1L3	-0.036498588	0.60115397	0.970884803591548	1.0
CYP26A1	-0.036498588	0.2528155	0.970884803591548	1.0
SRL	-0.036498588	1.0087795	0.970884803591548	1.0
PCAT19	-0.0367682	0.5565056	0.9706698294339172	1.0
ANGPT2	-0.037442226	0.27790892	0.9701324033973293	1.0
PMEL	-0.048395175	0.29555884	0.9614013048793062	1.0
AC025287.3	-0.048664786	1.2877601	0.9611864395949914	1.0
DHRS9	-0.048664786	0.8564506	0.9611864395949914	1.0
CEMIP	-0.048664786	0.65070915	0.9611864395949914	1.0
LRRC15	-0.048664786	0.8091901	0.9611864395949914	1.0
SELPLG	-0.048664786	0.4537579	0.9611864395949914	1.0
AL139041.1	-0.048664786	1.3016317	0.9611864395949914	1.0
AC090971.2	-0.048664786	2.0710447	0.9611864395949914	1.0
ARL14	-0.048664786	0.6948841	0.9611864395949914	1.0
OGN	-0.048664786	0.5508264	0.9611864395949914	1.0
CES1	-0.048664786	0.25779352	0.9611864395949914	1.0
TBX2	-0.048664786	0.42963725	0.9611864395949914	1.0
AC084871.2	-0.048664786	0.89970624	0.9611864395949914	1.0
MYCT1	-0.048664786	0.6059793	0.9611864395949914	1.0
OR2A25	-0.048664786	0.8302149	0.9611864395949914	1.0
EBI3	-0.048664786	0.6314769	0.9611864395949914	1.0
CD93	-0.048664786	0.24337721	0.9611864395949914	1.0
NRG4	-0.048664786	0.56654346	0.9611864395949914	1.0
POSTN	-0.048664786	0.12548327	0.9611864395949914	1.0
HOXD1	-0.048664786	0.32389423	0.9611864395949914	1.0
FAM153A	-0.048664786	1.1691048	0.9611864395949914	1.0
AC117503.1	-0.048664786	0.4702593	0.9611864395949914	1.0
ACAP1	-0.048799593	0.11677209	0.9610790080090357	1.0
KLRD1	-0.060662474	0.9634091	0.9516280170866646	1.0
MMP1	-0.060729876	0.19604672	0.9515743364444992	1.0
AKR1B15	-0.06083098	0.4134203	0.9514938158933279	1.0
ACTA1	-0.06083098	0.3652658	0.9514938158933279	1.0
NPTX1	-0.06083098	0.4350503	0.9514938158933279	1.0
AC084018.2	-0.06083098	0.41801378	0.9514938158933279	1.0
PAPPA	-0.06083098	0.34026673	0.9514938158933279	1.0
ANKRD1	-0.06083098	0.5050241	0.9514938158933279	1.0
PTPRB	-0.06083098	0.6803417	0.9514938158933279	1.0
AP003555.2	-0.06083098	0.43517795	0.9514938158933279	1.0
ALB	-0.06083098	0.11159233	0.9514938158933279	1.0
AC027601.4	-0.06083098	0.93134606	0.9514938158933279	1.0
ACAD11	-0.06083098	0.7775522	0.9514938158933279	1.0
SCGB1B2P	-0.06083098	0.56629723	0.9514938158933279	1.0
ATP2A1	-0.06083098	0.8124117	0.9514938158933279	1.0
REN	-0.06083098	1.2014414	0.9514938158933279	1.0
SOX17	-0.06083098	0.9043029	0.9514938158933279	1.0
KDR	-0.06083098	0.6663075	0.9514938158933279	1.0
AP000787.1	-0.06083098	0.5334844	0.9514938158933279	1.0
AC005363.2	-0.06083098	0.5185032	0.9514938158933279	1.0
MT1A	-0.06773976	0.20984162	0.9459927949395563	1.0
CD160	-0.072997175	1.2336147	0.941808362782667	1.0
RCSD1	-0.072997175	0.41771805	0.941808362782667	1.0
ADRA2B	-0.072997175	0.94016397	0.941808362782667	1.0
ESAM	-0.072997175	0.7687153	0.941808362782667	1.0
PENK	-0.072997175	0.97223645	0.941808362782667	1.0
CXCR5	-0.072997175	1.3029028	0.941808362782667	1.0
DIO3	-0.072997175	0.5416056	0.941808362782667	1.0
SH2D2A	-0.08516338	0.47829315	0.932131507379226	1.0
NEFM	-0.08516338	0.74613875	0.932131507379226	1.0
SYT11	-0.08516338	1.5534737	0.932131507379226	1.0
SYCE1	-0.08516338	0.789731	0.932131507379226	1.0
C1S	-0.08516338	0.0436002	0.932131507379226	1.0
AC017002.3	-0.08516338	2.7486393	0.932131507379226	1.0
AC023055.1	-0.08516338	2.592965	0.932131507379226	1.0
TNFRSF1B	-0.08516338	0.14284974	0.932131507379226	1.0
SLC4A1	-0.08516338	1.2237604	0.932131507379226	1.0
AC011498.1	-0.08516338	0.7649909	0.932131507379226	1.0
MATK	-0.08516338	0.31172875	0.932131507379226	1.0
CD96	-0.09732957	0.8972527	0.9224646729885287	1.0
KRTAP3-2	-0.09732957	0.41868222	0.9224646729885287	1.0
CALCA	-0.09732957	1.7391447	0.9224646729885287	1.0
TRAV13-2	-0.09732957	1.9567804	0.9224646729885287	1.0
LINC02043	-0.09732957	0.5566886	0.9224646729885287	1.0
FGB	-0.097599186	2.3756711	0.9222505738494873	1.0
AC097532.2	-0.09773399	1.4165529	0.9221435263916372	1.0
C11orf96	-0.10946207	0.31377378	0.9128360076204991	1.0
MUC5B	-0.10949577	0.0649271	0.9128092784774183	1.0
PSG9	-0.10949577	0.77770805	0.9128092784774183	1.0
CLDN5	-0.10949577	1.1391191	0.9128092784774183	1.0
WIF1	-0.10949577	0.44455466	0.9128092784774183	1.0
KLRC2	-0.10949577	1.5760003	0.9128092784774183	1.0
TRH	-0.10949577	0.19272727	0.9128092784774183	1.0
SELE	-0.10949577	0.3963318	0.9128092784774183	1.0
RMRP	-0.12166196	1.2574244	0.9031667376493471	1.0
SPDYE3	-0.13382816	0.7156648	0.8935384586234014	1.0
PTGS2	-0.13382816	0.29461905	0.8935384586234014	1.0
RNASE7	-0.13382816	0.9124749	0.8935384586234014	1.0
FAM237B	-0.13382816	0.9821327	0.8935384586234014	1.0
CTSS	-0.13392927	0.09474786	0.8934585089126508	1.0
PRDM1	-0.14599435	0.14809208	0.8839258432175163	1.0
KCTD12	-0.14599435	0.28962344	0.8839258432175163	1.0
DOCK11	-0.14599435	1.9979836	0.8839258432175163	1.0
PAEP	-0.14599435	2.9879763	0.8839258432175163	1.0
FYN	-0.17032675	0.22613378	0.8647531753641162	1.0
AC008703.1	-0.18239184		0.8552752275438935	1.0
AL359834.1	-0.18249294		0.8551958895632632	1.0
CCL22	-0.18249294	0.8400288	0.8551958895632632	1.0
MYOM2	-0.19465914	1.9980246	0.845659799478683	1.0
ADCY7	-0.19492875	1.8072274	0.8454487238528245	1.0
CRISPLD2	-0.20645462	0.44957796	0.8364358060757737	1.0
ARHGAP36	-0.21899153	5.7583966	0.8266566415223262	1.0
ADAMTS9	-0.21899153	0.14362957	0.8266566415223262	1.0
AC008676.1	-0.23115773		0.8171922658847998	1.0
AEBP1	-0.23115773	0.28223374	0.8171922658847998	1.0
AKR1C1	-0.24332392	0.3064493	0.8077544692893723	1.0
MEG3	-0.31483826	0.5081473	0.7528844710855174	1.0
SERPING1	-0.33168894	0.25237077	0.7401241576892768	1.0
IL24	-0.34018168		0.7337197134282649	1.0
CSF3	-0.4136507	0.8158098	0.6791299532146966	1.0
RGCC	-0.43906152	0.20338425	0.6606169640479986	1.0
SPARCL1	-0.47566122	0.3959703	0.6343157614629203	1.0
MMP3	-0.52314645	0.43111673	0.6008723462881734	1.0
SERPINA6	-0.5961436		0.5510792834160014	1.0
PLPP3	-0.6258345	0.38392365	0.5314234769720658	1.0
ETS1	-0.6691408	0.2678155	0.5034056640585134	1.0
AC008663.1	-2.2219653	-3.855685	0.026285646575886598	1.0
